"ID","Member_Country","Measure","Table","Value","Method","Species","Year","Unit"
1,"American_Samoa","Catches by Method","20-2",30,"Long Line","Albacore","2021","Tonnes"
2,"American_Samoa","Catches by Method","20-2",8,"Long Line","Albacore","2020","Tonnes"
3,"American_Samoa","Catches by Method","20-2",12,"Long Line","Albacore","2019","Tonnes"
4,"American_Samoa","Catches by Method","20-2",11,"Long Line","Albacore","2018","Tonnes"
5,"American_Samoa","Catches by Method","20-2",17,"Long Line","Albacore","2017","Tonnes"
6,"American_Samoa","Catches by Method","20-2",0,"Long Line","Albacore","2021","Tonnes"
7,"American_Samoa","Catches by Method","20-2",0,"Long Line","Albacore","2020","Tonnes"
8,"American_Samoa","Catches by Method","20-2",0,"Long Line","Albacore","2019","Tonnes"
9,"American_Samoa","Catches by Method","20-2",0,"Long Line","Albacore","2018","Tonnes"
10,"American_Samoa","Catches by Method","20-2",0,"Long Line","Albacore","2017","Tonnes"
11,"American_Samoa","Catches by Method","20-2",404,"Long Line","Bigeye","2021","Tonnes"
12,"American_Samoa","Catches by Method","20-2",0,"Long Line","Bigeye","2020","Tonnes"
13,"American_Samoa","Catches by Method","20-2",0,"Long Line","Bigeye","2019","Tonnes"
14,"American_Samoa","Catches by Method","20-2",798,"Long Line","Bigeye","2018","Tonnes"
15,"American_Samoa","Catches by Method","20-2",0,"Long Line","Bigeye","2017","Tonnes"
16,"American_Samoa","Catches by Method","20-2",24,"Long Line","Number of vessels","2021","Tonnes"
17,"American_Samoa","Catches by Method","20-2",122,"Long Line","Number of vessels","2020","Tonnes"
18,"American_Samoa","Catches by Method","20-2",127,"Long Line","Number of vessels","2019","Tonnes"
19,"American_Samoa","Catches by Method","20-2",113,"Long Line","Number of vessels","2018","Tonnes"
20,"American_Samoa","Catches by Method","20-2",118,"Long Line","Number of vessels","2017","Tonnes"
21,"American_Samoa","Catches by Method","20-2",0,"Long Line","Pacific Bluefin","2021","Tonnes"
22,"American_Samoa","Catches by Method","20-2",0,"Long Line","Pacific Bluefin","2020","Tonnes"
23,"American_Samoa","Catches by Method","20-2",0,"Long Line","Pacific Bluefin","2019","Tonnes"
24,"American_Samoa","Catches by Method","20-2",0,"Long Line","Pacific Bluefin","2018","Tonnes"
25,"American_Samoa","Catches by Method","20-2",0,"Long Line","Pacific Bluefin","2017","Tonnes"
26,"American_Samoa","Catches by Method","20-2",15,"Long Line","Skipjack","2021","Tonnes"
27,"American_Samoa","Catches by Method","20-2",16,"Long Line","Skipjack","2020","Tonnes"
28,"American_Samoa","Catches by Method","20-2",28,"Long Line","Skipjack","2019","Tonnes"
29,"American_Samoa","Catches by Method","20-2",15,"Long Line","Skipjack","2018","Tonnes"
30,"American_Samoa","Catches by Method","20-2",36,"Long Line","Skipjack","2017","Tonnes"
31,"American_Samoa","Catches by Method","20-2",275,"Long Line","Yellowfin","2021","Tonnes"
32,"American_Samoa","Catches by Method","20-2",160,"Long Line","Yellowfin","2020","Tonnes"
33,"American_Samoa","Catches by Method","20-2",220,"Long Line","Yellowfin","2019","Tonnes"
34,"American_Samoa","Catches by Method","20-2",209,"Long Line","Yellowfin","2018","Tonnes"
35,"American_Samoa","Catches by Method","20-2",311,"Long Line","Yellowfin","2017","Tonnes"
36,"Cook_Islands","Catches by Method","6-2",98248,"Long Line","Effort","2021","Hooks"
37,"Cook_Islands","Catches by Method","6-2",92,"Purse seine","Effort","2021","Days"
38,"Cook_Islands","Catches by Method","6-2",1106,"Long Line","Albacore","2021","Tonnes"
39,"Cook_Islands","Catches by Method","6-2",0,"Purse seine","Albacore","2021","Tonnes"
40,"Cook_Islands","Catches by Method","6-2",183,"Long Line","Bigeye","2021","Tonnes"
41,"Cook_Islands","Catches by Method","6-2",146,"Purse seine","Bigeye","2021","Tonnes"
42,"Cook_Islands","Catches by Method","6-2",631,"Long Line","Yellowfin","2021","Tonnes"
43,"Cook_Islands","Catches by Method","6-2",292,"Purse seine","Yellowfin","2021","Tonnes"
44,"Cook_Islands","Catches by Method","6-2",27,"Long Line","Skipjack","2021","Tonnes"
45,"Cook_Islands","Catches by Method","6-2",2019,"Purse seine","Skipjack","2021","Tonnes"
46,"Cook_Islands","Catches by Method","6-2",215,"Long Line","Other","2021","Tonnes"
47,"Cook_Islands","Catches by Method","6-2",2,"Purse seine","Other","2021","Tonnes"
48,"Cook_Islands","Catches by Method","6-1",17302,"Small Scale Trolling","Effort","2017","Hours"
49,"Cook_Islands","Catches by Method","6-1",17651,"Small Scale Trolling","Effort","2018","Hours"
50,"Cook_Islands","Catches by Method","6-1",13642,"Small Scale Trolling","Effort","2019","Hours"
51,"Cook_Islands","Catches by Method","6-1",10890,"Small Scale Trolling","Effort","2020","Hours"
52,"Cook_Islands","Catches by Method","6-1",13295,"Small Scale Trolling","Effort","2021","Hours"
53,"Cook_Islands","Catches by Method","6-1",0,"Small Scale Trolling","Albacore","2017","Tonnes"
54,"Cook_Islands","Catches by Method","6-1",1,"Small Scale Trolling","Albacore","2018","Tonnes"
55,"Cook_Islands","Catches by Method","6-1",3,"Small Scale Trolling","Albacore","2019","Tonnes"
56,"Cook_Islands","Catches by Method","6-1",0,"Small Scale Trolling","Albacore","2020","Tonnes"
57,"Cook_Islands","Catches by Method","6-1",0,"Small Scale Trolling","Albacore","2021","Tonnes"
58,"Cook_Islands","Catches by Method","6-1",0,"Small Scale Trolling","Bigeye","2017","Tonnes"
59,"Cook_Islands","Catches by Method","6-1",1,"Small Scale Trolling","Bigeye","2018","Tonnes"
60,"Cook_Islands","Catches by Method","6-1",1,"Small Scale Trolling","Bigeye","2019","Tonnes"
61,"Cook_Islands","Catches by Method","6-1",0,"Small Scale Trolling","Bigeye","2020","Tonnes"
62,"Cook_Islands","Catches by Method","6-1",0,"Small Scale Trolling","Bigeye","2021","Tonnes"
63,"Cook_Islands","Catches by Method","6-1",92,"Small Scale Trolling","Yellowfin","2017","Tonnes"
64,"Cook_Islands","Catches by Method","6-1",87,"Small Scale Trolling","Yellowfin","2018","Tonnes"
65,"Cook_Islands","Catches by Method","6-1",64,"Small Scale Trolling","Yellowfin","2019","Tonnes"
66,"Cook_Islands","Catches by Method","6-1",69,"Small Scale Trolling","Yellowfin","2020","Tonnes"
67,"Cook_Islands","Catches by Method","6-1",44,"Small Scale Trolling","Yellowfin","2021","Tonnes"
68,"Cook_Islands","Catches by Method","6-1",4,"Small Scale Trolling","Skipjack","2017","Tonnes"
69,"Cook_Islands","Catches by Method","6-1",5,"Small Scale Trolling","Skipjack","2018","Tonnes"
70,"Cook_Islands","Catches by Method","6-1",7,"Small Scale Trolling","Skipjack","2019","Tonnes"
71,"Cook_Islands","Catches by Method","6-1",5,"Small Scale Trolling","Skipjack","2020","Tonnes"
72,"Cook_Islands","Catches by Method","6-1",3,"Small Scale Trolling","Skipjack","2021","Tonnes"
73,"Cook_Islands","Catches by Method","6-1",4,"Small Scale Trolling","Other","2017","Tonnes"
74,"Cook_Islands","Catches by Method","6-1",3,"Small Scale Trolling","Other","2018","Tonnes"
75,"Cook_Islands","Catches by Method","6-1",2,"Small Scale Trolling","Other","2019","Tonnes"
76,"Cook_Islands","Catches by Method","6-1",4,"Small Scale Trolling","Other","2020","Tonnes"
77,"Cook_Islands","Catches by Method","6-1",1,"Small Scale Trolling","Other","2021","Tonnes"
78,"Federated_States_of_Micronesia","Catches by Method","7-3",517,"Long Line","Albacore","2017","Tonnes"
79,"Federated_States_of_Micronesia","Catches by Method","7-3",2131,"Long Line","Bigeye","2017","Tonnes"
80,"Federated_States_of_Micronesia","Catches by Method","7-3",16,"Long Line","Skipjack","2017","Tonnes"
81,"Federated_States_of_Micronesia","Catches by Method","7-3",1412,"Long Line","Yellowfin","2017","Tonnes"
82,"Federated_States_of_Micronesia","Catches by Method","7-3",4,"Long Line","Black marlin","2017","Tonnes"
83,"Federated_States_of_Micronesia","Catches by Method","7-3",375,"Long Line","Blue marlin","2017","Tonnes"
84,"Federated_States_of_Micronesia","Catches by Method","7-3",1,"Long Line","Striped marlin","2017","Tonnes"
85,"Federated_States_of_Micronesia","Catches by Method","7-3",34,"Long Line","Swordfish","2017","Tonnes"
86,"Federated_States_of_Micronesia","Catches by Method","7-3",1,"Long Line","Blue shark","2017","Tonnes"
87,"Federated_States_of_Micronesia","Catches by Method","7-3",2066,"Long Line","Albacore","2018","Tonnes"
88,"Federated_States_of_Micronesia","Catches by Method","7-3",3048,"Long Line","Bigeye","2018","Tonnes"
89,"Federated_States_of_Micronesia","Catches by Method","7-3",2,"Long Line","Pacific Bluefin","2018","Tonnes"
90,"Federated_States_of_Micronesia","Catches by Method","7-3",84,"Long Line","Skipjack","2018","Tonnes"
91,"Federated_States_of_Micronesia","Catches by Method","7-3",2372,"Long Line","Yellowfin","2018","Tonnes"
92,"Federated_States_of_Micronesia","Catches by Method","7-3",12,"Long Line","Black marlin","2018","Tonnes"
93,"Federated_States_of_Micronesia","Catches by Method","7-3",298,"Long Line","Blue marlin","2018","Tonnes"
94,"Federated_States_of_Micronesia","Catches by Method","7-3",51,"Long Line","Swordfish","2018","Tonnes"
95,"Federated_States_of_Micronesia","Catches by Method","7-3",3841,"Long Line","Albacore","2019","Tonnes"
96,"Federated_States_of_Micronesia","Catches by Method","7-3",4548,"Long Line","Bigeye","2019","Tonnes"
97,"Federated_States_of_Micronesia","Catches by Method","7-3",301,"Long Line","Skipjack","2019","Tonnes"
98,"Federated_States_of_Micronesia","Catches by Method","7-3",4978,"Long Line","Yellowfin","2019","Tonnes"
99,"Federated_States_of_Micronesia","Catches by Method","7-3",1,"Long Line","Black marlin","2019","Tonnes"
100,"Federated_States_of_Micronesia","Catches by Method","7-3",615,"Long Line","Blue marlin","2019","Tonnes"
101,"Federated_States_of_Micronesia","Catches by Method","7-3",3,"Long Line","Striped marlin","2019","Tonnes"
102,"Federated_States_of_Micronesia","Catches by Method","7-3",128,"Long Line","Swordfish","2019","Tonnes"
103,"Federated_States_of_Micronesia","Catches by Method","7-3",2,"Long Line","Blue shark","2019","Tonnes"
104,"Federated_States_of_Micronesia","Catches by Method","7-3",3262,"Long Line","Albacore","2020","Tonnes"
105,"Federated_States_of_Micronesia","Catches by Method","7-3",4193,"Long Line","Bigeye","2020","Tonnes"
106,"Federated_States_of_Micronesia","Catches by Method","7-3",233,"Long Line","Skipjack","2020","Tonnes"
107,"Federated_States_of_Micronesia","Catches by Method","7-3",4538,"Long Line","Yellowfin","2020","Tonnes"
108,"Federated_States_of_Micronesia","Catches by Method","7-3",1,"Long Line","Black marlin","2020","Tonnes"
109,"Federated_States_of_Micronesia","Catches by Method","7-3",538,"Long Line","Blue marlin","2020","Tonnes"
110,"Federated_States_of_Micronesia","Catches by Method","7-3",3,"Long Line","Striped marlin","2020","Tonnes"
111,"Federated_States_of_Micronesia","Catches by Method","7-3",110,"Long Line","Swordfish","2020","Tonnes"
112,"Federated_States_of_Micronesia","Catches by Method","7-3",2,"Long Line","Blue shark","2020","Tonnes"
113,"Federated_States_of_Micronesia","Catches by Method","7-3",922,"Long Line","Albacore","2021","Tonnes"
114,"Federated_States_of_Micronesia","Catches by Method","7-3",1606,"Long Line","Bigeye","2021","Tonnes"
115,"Federated_States_of_Micronesia","Catches by Method","7-3",0,"Long Line","Pacific Bluefin","2021","Tonnes"
116,"Federated_States_of_Micronesia","Catches by Method","7-3",57,"Long Line","Skipjack","2021","Tonnes"
117,"Federated_States_of_Micronesia","Catches by Method","7-3",1729,"Long Line","Yellowfin","2021","Tonnes"
118,"Federated_States_of_Micronesia","Catches by Method","7-3",0,"Long Line","Black marlin","2021","Tonnes"
119,"Federated_States_of_Micronesia","Catches by Method","7-3",272,"Long Line","Blue marlin","2021","Tonnes"
120,"Federated_States_of_Micronesia","Catches by Method","7-3",0,"Long Line","Striped marlin","2021","Tonnes"
121,"Federated_States_of_Micronesia","Catches by Method","7-3",34,"Long Line","Swordfish","2021","Tonnes"
122,"Federated_States_of_Micronesia","Catches by Method","7-3",0,"Long Line","Blue shark","2021","Tonnes"
123,"Federated_States_of_Micronesia","Catches by Method","7-2",1916,"Purse seine","Bigeye","2017","Tonnes"
124,"Federated_States_of_Micronesia","Catches by Method","7-2",67024,"Purse seine","Skipjack","2017","Tonnes"
125,"Federated_States_of_Micronesia","Catches by Method","7-2",12128,"Purse seine","Yellowfin","2017","Tonnes"
126,"Federated_States_of_Micronesia","Catches by Method","7-2",7,"Purse seine","Other","2017","Tonnes"
127,"Federated_States_of_Micronesia","Catches by Method","7-2",3516,"Purse seine","Bigeye","2018","Tonnes"
128,"Federated_States_of_Micronesia","Catches by Method","7-2",89390,"Purse seine","Skipjack","2018","Tonnes"
129,"Federated_States_of_Micronesia","Catches by Method","7-2",16773,"Purse seine","Yellowfin","2018","Tonnes"
130,"Federated_States_of_Micronesia","Catches by Method","7-2",15,"Purse seine","Other","2018","Tonnes"
131,"Federated_States_of_Micronesia","Catches by Method","7-2",3869,"Purse seine","Bigeye","2019","Tonnes"
132,"Federated_States_of_Micronesia","Catches by Method","7-2",130389,"Purse seine","Skipjack","2019","Tonnes"
133,"Federated_States_of_Micronesia","Catches by Method","7-2",23690,"Purse seine","Yellowfin","2019","Tonnes"
134,"Federated_States_of_Micronesia","Catches by Method","7-2",17,"Purse seine","Other","2019","Tonnes"
135,"Federated_States_of_Micronesia","Catches by Method","7-2",3919,"Purse seine","Bigeye","2020","Tonnes"
136,"Federated_States_of_Micronesia","Catches by Method","7-2",134001,"Purse seine","Skipjack","2020","Tonnes"
137,"Federated_States_of_Micronesia","Catches by Method","7-2",24330,"Purse seine","Yellowfin","2020","Tonnes"
138,"Federated_States_of_Micronesia","Catches by Method","7-2",173,"Purse seine","Other","2020","Tonnes"
139,"Federated_States_of_Micronesia","Catches by Method","7-2",3361,"Purse seine","Bigeye","2021","Tonnes"
140,"Federated_States_of_Micronesia","Catches by Method","7-2",120297,"Purse seine","Skipjack","2021","Tonnes"
141,"Federated_States_of_Micronesia","Catches by Method","7-2",25287,"Purse seine","Yellowfin","2021","Tonnes"
142,"Federated_States_of_Micronesia","Catches by Method","7-2",12,"Purse seine","Other","2021","Tonnes"
143,"Fiji","Catches by Method","8-2",1952000,"Long Line","Tuna and bycatch volume (t)","2017","Tonnes"
144,"Fiji","Catches by Method","8-2",1491,"Long Line","Tuna and bycatch value (in-zone, F$ millions)","2017","Tonnes"
145,"Fiji","Catches by Method","8-2",1585100,"Long Line","Tuna and bycatch volume (t)","2018","Tonnes"
146,"Fiji","Catches by Method","8-2",1231,"Long Line","Tuna and bycatch value (in-zone, F$ millions)","2018","Tonnes"
147,"Fiji","Catches by Method","8-2",1636100,"Long Line","Tuna and bycatch volume (t)","2019","Tonnes"
148,"Fiji","Catches by Method","8-2",1428,"Long Line","Tuna and bycatch value (in-zone, F$ millions)","2019","Tonnes"
149,"Fiji","Catches by Method","8-2",1395000,"Long Line","Tuna and bycatch volume (t)","2020","Tonnes"
150,"Fiji","Catches by Method","8-2",1253,"Long Line","Tuna and bycatch value (in-zone, F$ millions)","2020","Tonnes"
151,"Fiji","Catches by Method","8-2",1082800,"Long Line","Tuna and bycatch volume (t)","2021","Tonnes"
152,"Fiji","Catches by Method","8-2",846,"Long Line","Tuna and bycatch value (in-zone, F$ millions)","2021","Tonnes"
153,"French_Polynesia","Catches by Method","21-4",2148,"Long Line","Albacore","2017","Tonnes"
154,"French_Polynesia","Catches by Method","21-4",897,"Long Line","Bigeye","2017","Tonnes"
155,"French_Polynesia","Catches by Method","21-4",0,"Long Line","Pacific Bluefin","2017","Tonnes"
156,"French_Polynesia","Catches by Method","21-4",37,"Long Line","Skipjack","2017","Tonnes"
157,"French_Polynesia","Catches by Method","21-4",1434,"Long Line","Yellowfin","2017","Tonnes"
158,"French_Polynesia","Catches by Method","21-4",21,"Long Line","Black marlin","2017","Tonnes"
159,"French_Polynesia","Catches by Method","21-4",163,"Long Line","Blue marlin","2017","Tonnes"
160,"French_Polynesia","Catches by Method","21-4",73,"Long Line","Striped marlin","2017","Tonnes"
161,"French_Polynesia","Catches by Method","21-4",150,"Long Line","Swordfish","2017","Tonnes"
162,"French_Polynesia","Catches by Method","21-4",3058,"Long Line","Albacore","2018","Tonnes"
163,"French_Polynesia","Catches by Method","21-4",1063,"Long Line","Bigeye","2018","Tonnes"
164,"French_Polynesia","Catches by Method","21-4",0,"Long Line","Pacific Bluefin","2018","Tonnes"
165,"French_Polynesia","Catches by Method","21-4",31,"Long Line","Skipjack","2018","Tonnes"
166,"French_Polynesia","Catches by Method","21-4",1314,"Long Line","Yellowfin","2018","Tonnes"
167,"French_Polynesia","Catches by Method","21-4",16,"Long Line","Black marlin","2018","Tonnes"
168,"French_Polynesia","Catches by Method","21-4",224,"Long Line","Blue marlin","2018","Tonnes"
169,"French_Polynesia","Catches by Method","21-4",81,"Long Line","Striped marlin","2018","Tonnes"
170,"French_Polynesia","Catches by Method","21-4",219,"Long Line","Swordfish","2018","Tonnes"
171,"French_Polynesia","Catches by Method","21-4",3393,"Long Line","Albacore","2019","Tonnes"
172,"French_Polynesia","Catches by Method","21-4",934,"Long Line","Bigeye","2019","Tonnes"
173,"French_Polynesia","Catches by Method","21-4",0,"Long Line","Pacific Bluefin","2019","Tonnes"
174,"French_Polynesia","Catches by Method","21-4",14,"Long Line","Skipjack","2019","Tonnes"
175,"French_Polynesia","Catches by Method","21-4",1309,"Long Line","Yellowfin","2019","Tonnes"
176,"French_Polynesia","Catches by Method","21-4",11,"Long Line","Black marlin","2019","Tonnes"
177,"French_Polynesia","Catches by Method","21-4",274,"Long Line","Blue marlin","2019","Tonnes"
178,"French_Polynesia","Catches by Method","21-4",88,"Long Line","Striped marlin","2019","Tonnes"
179,"French_Polynesia","Catches by Method","21-4",168,"Long Line","Swordfish","2019","Tonnes"
180,"French_Polynesia","Catches by Method","21-4",2780,"Long Line","Albacore","2020","Tonnes"
181,"French_Polynesia","Catches by Method","21-4",855,"Long Line","Bigeye","2020","Tonnes"
182,"French_Polynesia","Catches by Method","21-4",0,"Long Line","Pacific Bluefin","2020","Tonnes"
183,"French_Polynesia","Catches by Method","21-4",14,"Long Line","Skipjack","2020","Tonnes"
184,"French_Polynesia","Catches by Method","21-4",1080,"Long Line","Yellowfin","2020","Tonnes"
185,"French_Polynesia","Catches by Method","21-4",18,"Long Line","Black marlin","2020","Tonnes"
186,"French_Polynesia","Catches by Method","21-4",240,"Long Line","Blue marlin","2020","Tonnes"
187,"French_Polynesia","Catches by Method","21-4",97,"Long Line","Striped marlin","2020","Tonnes"
188,"French_Polynesia","Catches by Method","21-4",162,"Long Line","Swordfish","2020","Tonnes"
189,"French_Polynesia","Catches by Method","21-4",2662,"Long Line","Albacore","2021","Tonnes"
190,"French_Polynesia","Catches by Method","21-4",1020,"Long Line","Bigeye","2021","Tonnes"
191,"French_Polynesia","Catches by Method","21-4",0,"Long Line","Pacific Bluefin","2021","Tonnes"
192,"French_Polynesia","Catches by Method","21-4",13,"Long Line","Skipjack","2021","Tonnes"
193,"French_Polynesia","Catches by Method","21-4",2219,"Long Line","Yellowfin","2021","Tonnes"
194,"French_Polynesia","Catches by Method","21-4",18,"Long Line","Black marlin","2021","Tonnes"
195,"French_Polynesia","Catches by Method","21-4",173,"Long Line","Blue marlin","2021","Tonnes"
196,"French_Polynesia","Catches by Method","21-4",128,"Long Line","Striped marlin","2021","Tonnes"
197,"French_Polynesia","Catches by Method","21-4",172,"Long Line","Swordfish","2021","Tonnes"
198,"French_Polynesia","Catches by Method","21-1",391,"Purse seine","Skipjack","2021","Tonnes"
199,"French_Polynesia","Catches by Method","21-1",887,"Purse seine","Yellowfin","2021","Tonnes"
200,"French_Polynesia","Catches by Method","21-1",160,"Purse seine","Dolphinfish","2021","Tonnes"
201,"French_Polynesia","Catches by Method","21-1",239,"Purse seine","Billfish","2021","Tonnes"
202,"French_Polynesia","Catches by Method","21-1",55,"Purse seine","Wahoo","2021","Tonnes"
203,"French_Polynesia","Catches by Method","21-1",275,"Purse seine","Albacore","2021","Tonnes"
204,"French_Polynesia","Catches by Method","21-1",169,"Purse seine","Other","2021","Tonnes"
205,"French_Polynesia","Catches by Method","21-1",500,"Purse seine","Skipjack","2021","Tonnes"
206,"French_Polynesia","Catches by Method","21-1",600,"Purse seine","Yellowfin","2021","Tonnes"
207,"French_Polynesia","Catches by Method","21-1",850,"Purse seine","Dolphinfish","2021","Tonnes"
208,"French_Polynesia","Catches by Method","21-1",500,"Purse seine","Billfish","2021","Tonnes"
209,"French_Polynesia","Catches by Method","21-1",425,"Purse seine","Wahoo","2021","Tonnes"
210,"French_Polynesia","Catches by Method","21-1",600,"Purse seine","Albacore","2021","Tonnes"
211,"French_Polynesia","Catches by Method","21-1",450,"Purse seine","Other","2021","Tonnes"
212,"French_Polynesia","Catches by Method","21-1",195500000,"Purse seine","Skipjack","2021","Tonnes"
213,"French_Polynesia","Catches by Method","21-1",532200000,"Purse seine","Yellowfin","2021","Tonnes"
214,"French_Polynesia","Catches by Method","21-1",136000000,"Purse seine","Dolphinfish","2021","Tonnes"
215,"French_Polynesia","Catches by Method","21-1",119500000,"Purse seine","Billfish","2021","Tonnes"
216,"French_Polynesia","Catches by Method","21-1",23375000,"Purse seine","Wahoo","2021","Tonnes"
217,"French_Polynesia","Catches by Method","21-1",165000000,"Purse seine","Albacore","2021","Tonnes"
218,"French_Polynesia","Catches by Method","21-1",76050000,"Purse seine","Other","2021","Tonnes"
219,"Palau","Catches by Method","13-3",3.36,"Long Line","Albacore","2021","Tonnes"
220,"Palau","Catches by Method","13-3",0.61,"Long Line","Albacore","2020","Tonnes"
221,"Palau","Catches by Method","13-3",3.44,"Long Line","Albacore","2019","Tonnes"
222,"Palau","Catches by Method","13-3",0,"Long Line","Albacore","2018","Tonnes"
223,"Palau","Catches by Method","13-3",2.47,"Long Line","Albacore","2017","Tonnes"
224,"Palau","Catches by Method","13-3",897.06,"Long Line","Bigeye","2021","Tonnes"
225,"Palau","Catches by Method","13-3",454.68,"Long Line","Bigeye","2020","Tonnes"
226,"Palau","Catches by Method","13-3",54.34,"Long Line","Bigeye","2019","Tonnes"
227,"Palau","Catches by Method","13-3",19.05,"Long Line","Bigeye","2018","Tonnes"
228,"Palau","Catches by Method","13-3",1211.14,"Long Line","Bigeye","2017","Tonnes"
229,"Palau","Catches by Method","13-3",314.53,"Long Line","Yellowfin","2021","Tonnes"
230,"Palau","Catches by Method","13-3",105.53,"Long Line","Yellowfin","2020","Tonnes"
231,"Palau","Catches by Method","13-3",30.47,"Long Line","Yellowfin","2019","Tonnes"
232,"Palau","Catches by Method","13-3",5.88,"Long Line","Yellowfin","2018","Tonnes"
233,"Palau","Catches by Method","13-3",504.9,"Long Line","Yellowfin","2017","Tonnes"
234,"Palau","Catches by Method","13-3",99.97,"Long Line","Other","2021","Tonnes"
235,"Palau","Catches by Method","13-3",51.07,"Long Line","Other","2020","Tonnes"
236,"Palau","Catches by Method","13-3",4.94,"Long Line","Other","2019","Tonnes"
237,"Palau","Catches by Method","13-3",1.06,"Long Line","Other","2018","Tonnes"
238,"Palau","Catches by Method","13-3",105.62,"Long Line","Other","2017","Tonnes"
239,"Palau","Catches by Method","13-4",0,"Purse seine","Bigeye","2021","Tonnes"
240,"Palau","Catches by Method","13-4",0,"Purse seine","Bigeye","2020","Tonnes"
241,"Palau","Catches by Method","13-4",0,"Purse seine","Bigeye","2019","Tonnes"
242,"Palau","Catches by Method","13-4",24,"Purse seine","Bigeye","2018","Tonnes"
243,"Palau","Catches by Method","13-4",0,"Purse seine","Bigeye","2017","Tonnes"
244,"Palau","Catches by Method","13-4",0,"Purse seine","Skipjack","2021","Tonnes"
245,"Palau","Catches by Method","13-4",0,"Purse seine","Skipjack","2020","Tonnes"
246,"Palau","Catches by Method","13-4",1918.99,"Purse seine","Skipjack","2019","Tonnes"
247,"Palau","Catches by Method","13-4",3131,"Purse seine","Skipjack","2018","Tonnes"
248,"Palau","Catches by Method","13-4",3270,"Purse seine","Skipjack","2017","Tonnes"
249,"Palau","Catches by Method","13-4",0,"Purse seine","Yellowfin","2021","Tonnes"
250,"Palau","Catches by Method","13-4",0,"Purse seine","Yellowfin","2020","Tonnes"
251,"Palau","Catches by Method","13-4",382.92,"Purse seine","Yellowfin","2019","Tonnes"
252,"Palau","Catches by Method","13-4",710,"Purse seine","Yellowfin","2018","Tonnes"
253,"Palau","Catches by Method","13-4",1648,"Purse seine","Yellowfin","2017","Tonnes"
254,"Palau","Catches by Method","13-4",0,"Purse seine","Other","2021","Tonnes"
255,"Palau","Catches by Method","13-4",0,"Purse seine","Other","2020","Tonnes"
256,"Palau","Catches by Method","13-4",0.78,"Purse seine","Other","2019","Tonnes"
257,"Palau","Catches by Method","13-4",3,"Purse seine","Other","2018","Tonnes"
258,"Palau","Catches by Method","13-4",4,"Purse seine","Other","2017","Tonnes"
259,"Papau_New_Guinea","Catches by Method","14-3",17,"Long Line","Albacore","2017","Tonnes"
260,"Papau_New_Guinea","Catches by Method","14-1",10,"Purse seine","Albacore","2017","Tonnes"
261,"Papau_New_Guinea","Catches by Method","14-3",203,"Long Line","Bigeye","2017","Tonnes"
262,"Papau_New_Guinea","Catches by Method","14-1",8523,"Purse seine","Bigeye","2017","Tonnes"
263,"Papau_New_Guinea","Catches by Method","14-2",1186,"Purse seine","Bigeye","2017","Tonnes"
264,"Papau_New_Guinea","Catches by Method","14-1",179124,"Purse seine","Skipjack","2017","Tonnes"
265,"Papau_New_Guinea","Catches by Method","14-2",68592,"Purse seine","Skipjack","2017","Tonnes"
266,"Papau_New_Guinea","Catches by Method","14-3",333,"Long Line","Yellowfin","2017","Tonnes"
267,"Papau_New_Guinea","Catches by Method","14-1",118847,"Purse seine","Yellowfin","2017","Tonnes"
268,"Papau_New_Guinea","Catches by Method","14-2",17778,"Purse seine","Yellowfin","2017","Tonnes"
269,"Papau_New_Guinea","Catches by Method","14-3",45,"Long Line","Albacore","2018","Tonnes"
270,"Papau_New_Guinea","Catches by Method","14-1",17,"Purse seine","Albacore","2018","Tonnes"
271,"Papau_New_Guinea","Catches by Method","14-3",2548,"Long Line","Bigeye","2018","Tonnes"
272,"Papau_New_Guinea","Catches by Method","14-1",7174,"Purse seine","Bigeye","2018","Tonnes"
273,"Papau_New_Guinea","Catches by Method","14-2",1020,"Purse seine","Bigeye","2018","Tonnes"
274,"Papau_New_Guinea","Catches by Method","14-1",209631,"Purse seine","Skipjack","2018","Tonnes"
275,"Papau_New_Guinea","Catches by Method","14-2",76520,"Purse seine","Skipjack","2018","Tonnes"
276,"Papau_New_Guinea","Catches by Method","14-3",402,"Long Line","Yellowfin","2018","Tonnes"
277,"Papau_New_Guinea","Catches by Method","14-1",94694,"Purse seine","Yellowfin","2018","Tonnes"
278,"Papau_New_Guinea","Catches by Method","14-2",15806,"Purse seine","Yellowfin","2018","Tonnes"
279,"Papau_New_Guinea","Catches by Method","14-3",647,"Long Line","Albacore","2019","Tonnes"
280,"Papau_New_Guinea","Catches by Method","14-3",7704,"Long Line","Bigeye","2019","Tonnes"
281,"Papau_New_Guinea","Catches by Method","14-1",3880,"Purse seine","Bigeye","2019","Tonnes"
282,"Papau_New_Guinea","Catches by Method","14-2",973,"Purse seine","Bigeye","2019","Tonnes"
283,"Papau_New_Guinea","Catches by Method","14-1",195213,"Purse seine","Skipjack","2019","Tonnes"
284,"Papau_New_Guinea","Catches by Method","14-2",64616,"Purse seine","Skipjack","2019","Tonnes"
285,"Papau_New_Guinea","Catches by Method","14-3",1339,"Long Line","Yellowfin","2019","Tonnes"
286,"Papau_New_Guinea","Catches by Method","14-1",66296,"Purse seine","Yellowfin","2019","Tonnes"
287,"Papau_New_Guinea","Catches by Method","14-2",13683,"Purse seine","Yellowfin","2019","Tonnes"
288,"Papau_New_Guinea","Catches by Method","14-3",1,"Long Line","Albacore","2020","Tonnes"
289,"Papau_New_Guinea","Catches by Method","14-1",5,"Purse seine","Albacore","2020","Tonnes"
290,"Papau_New_Guinea","Catches by Method","14-3",2,"Long Line","Bigeye","2020","Tonnes"
291,"Papau_New_Guinea","Catches by Method","14-1",483,"Purse seine","Bigeye","2020","Tonnes"
292,"Papau_New_Guinea","Catches by Method","14-2",1695,"Purse seine","Bigeye","2020","Tonnes"
293,"Papau_New_Guinea","Catches by Method","14-1",109191,"Purse seine","Skipjack","2020","Tonnes"
294,"Papau_New_Guinea","Catches by Method","14-2",111606,"Purse seine","Skipjack","2020","Tonnes"
295,"Papau_New_Guinea","Catches by Method","14-3",0,"Long Line","Yellowfin","2020","Tonnes"
296,"Papau_New_Guinea","Catches by Method","14-1",70839,"Purse seine","Yellowfin","2020","Tonnes"
297,"Papau_New_Guinea","Catches by Method","14-2",23035,"Purse seine","Yellowfin","2020","Tonnes"
298,"Papau_New_Guinea","Catches by Method","14-3",364,"Long Line","Albacore","2021","Tonnes"
299,"Papau_New_Guinea","Catches by Method","14-1",7,"Purse seine","Albacore","2021","Tonnes"
300,"Papau_New_Guinea","Catches by Method","14-3",210,"Long Line","Bigeye","2021","Tonnes"
301,"Papau_New_Guinea","Catches by Method","14-1",779,"Purse seine","Bigeye","2021","Tonnes"
302,"Papau_New_Guinea","Catches by Method","14-2",3281,"Purse seine","Bigeye","2021","Tonnes"
303,"Papau_New_Guinea","Catches by Method","14-1",102060,"Purse seine","Skipjack","2021","Tonnes"
304,"Papau_New_Guinea","Catches by Method","14-2",127946,"Purse seine","Skipjack","2021","Tonnes"
305,"Papau_New_Guinea","Catches by Method","14-3",1534,"Long Line","Yellowfin","2021","Tonnes"
306,"Papau_New_Guinea","Catches by Method","14-1",67910,"Purse seine","Yellowfin","2021","Tonnes"
307,"Papau_New_Guinea","Catches by Method","14-2",27799,"Purse seine","Yellowfin","2021","Tonnes"
308,"Tokelau","Catches by Method","26-3",2247,"Long Line","Albacore","2016","Tonnes"
309,"Tokelau","Catches by Method","26-3",0,"Purse seine","Albacore","2016","Tonnes"
310,"Tokelau","Catches by Method","26-3",1424,"Long Line","Albacore","2017","Tonnes"
311,"Tokelau","Catches by Method","26-3",0,"Purse seine","Albacore","2017","Tonnes"
312,"Tokelau","Catches by Method","26-3",595,"Long Line","Albacore","2018","Tonnes"
313,"Tokelau","Catches by Method","26-3",0,"Purse seine","Albacore","2018","Tonnes"
314,"Tokelau","Catches by Method","26-3",1387,"Long Line","Albacore","2019","Tonnes"
315,"Tokelau","Catches by Method","26-3",0,"Purse seine","Albacore","2019","Tonnes"
316,"Tokelau","Catches by Method","26-3",1218,"Long Line","Albacore","2020","Tonnes"
317,"Tokelau","Catches by Method","26-3",0,"Purse seine","Albacore","2020","Tonnes"
318,"Tokelau","Catches by Method","26-3",360.56,"Long Line","Albacore","2021","Tonnes"
319,"Tokelau","Catches by Method","26-3",0,"Purse seine","Albacore","2021","Tonnes"
320,"Tokelau","Catches by Method","26-3",462,"Long Line","Bigeye","2016","Tonnes"
321,"Tokelau","Catches by Method","26-3",121,"Purse seine","Bigeye","2016","Tonnes"
322,"Tokelau","Catches by Method","26-3",158,"Long Line","Bigeye","2017","Tonnes"
323,"Tokelau","Catches by Method","26-3",282,"Purse seine","Bigeye","2017","Tonnes"
324,"Tokelau","Catches by Method","26-3",54,"Long Line","Bigeye","2018","Tonnes"
325,"Tokelau","Catches by Method","26-3",572,"Purse seine","Bigeye","2018","Tonnes"
326,"Tokelau","Catches by Method","26-3",126,"Long Line","Bigeye","2019","Tonnes"
327,"Tokelau","Catches by Method","26-3",28,"Purse seine","Bigeye","2019","Tonnes"
328,"Tokelau","Catches by Method","26-3",166,"Long Line","Bigeye","2020","Tonnes"
329,"Tokelau","Catches by Method","26-3",107,"Purse seine","Bigeye","2020","Tonnes"
330,"Tokelau","Catches by Method","26-3",78.24,"Long Line","Bigeye","2021","Tonnes"
331,"Tokelau","Catches by Method","26-3",76,"Purse seine","Bigeye","2021","Tonnes"
332,"Tokelau","Catches by Method","26-3",0,"Long Line","Skipjack","2016","Tonnes"
333,"Tokelau","Catches by Method","26-3",4260,"Purse seine","Skipjack","2016","Tonnes"
334,"Tokelau","Catches by Method","26-3",0,"Long Line","Skipjack","2017","Tonnes"
335,"Tokelau","Catches by Method","26-3",32758,"Purse seine","Skipjack","2017","Tonnes"
336,"Tokelau","Catches by Method","26-3",0,"Long Line","Skipjack","2018","Tonnes"
337,"Tokelau","Catches by Method","26-3",36121,"Purse seine","Skipjack","2018","Tonnes"
338,"Tokelau","Catches by Method","26-3",0,"Long Line","Skipjack","2019","Tonnes"
339,"Tokelau","Catches by Method","26-3",3749,"Purse seine","Skipjack","2019","Tonnes"
340,"Tokelau","Catches by Method","26-3",0,"Long Line","Skipjack","2020","Tonnes"
341,"Tokelau","Catches by Method","26-3",14492,"Purse seine","Skipjack","2020","Tonnes"
342,"Tokelau","Catches by Method","26-3",0,"Long Line","Skipjack","2021","Tonnes"
343,"Tokelau","Catches by Method","26-3",5254.1,"Purse seine","Skipjack","2021","Tonnes"
344,"Tokelau","Catches by Method","26-3",770,"Long Line","Yellowfin","2016","Tonnes"
345,"Tokelau","Catches by Method","26-3",291,"Purse seine","Yellowfin","2016","Tonnes"
346,"Tokelau","Catches by Method","26-3",408,"Long Line","Yellowfin","2017","Tonnes"
347,"Tokelau","Catches by Method","26-3",1502,"Purse seine","Yellowfin","2017","Tonnes"
348,"Tokelau","Catches by Method","26-3",148,"Long Line","Yellowfin","2018","Tonnes"
349,"Tokelau","Catches by Method","26-3",1769,"Purse seine","Yellowfin","2018","Tonnes"
350,"Tokelau","Catches by Method","26-3",318,"Long Line","Yellowfin","2019","Tonnes"
351,"Tokelau","Catches by Method","26-3",125,"Purse seine","Yellowfin","2019","Tonnes"
352,"Tokelau","Catches by Method","26-3",585,"Long Line","Yellowfin","2020","Tonnes"
353,"Tokelau","Catches by Method","26-3",501,"Purse seine","Yellowfin","2020","Tonnes"
354,"Tokelau","Catches by Method","26-3",289.68,"Long Line","Yellowfin","2021","Tonnes"
355,"Tokelau","Catches by Method","26-3",370,"Purse seine","Yellowfin","2021","Tonnes"
356,"Tokelau","Catches by Method","26-3",387,"Long Line","Other","2016","Tonnes"
357,"Tokelau","Catches by Method","26-3",11,"Purse seine","Other","2016","Tonnes"
358,"Tokelau","Catches by Method","26-3",264,"Long Line","Other","2017","Tonnes"
359,"Tokelau","Catches by Method","26-3",26,"Purse seine","Other","2017","Tonnes"
360,"Tokelau","Catches by Method","26-3",78,"Long Line","Other","2018","Tonnes"
361,"Tokelau","Catches by Method","26-3",118,"Purse seine","Other","2018","Tonnes"
362,"Tokelau","Catches by Method","26-3",289,"Long Line","Other","2019","Tonnes"
363,"Tokelau","Catches by Method","26-3",3,"Purse seine","Other","2019","Tonnes"
364,"Tokelau","Catches by Method","26-3",326,"Long Line","Other","2020","Tonnes"
365,"Tokelau","Catches by Method","26-3",8,"Purse seine","Other","2020","Tonnes"
366,"Tokelau","Catches by Method","26-3",104.29,"Long Line","Other","2021","Tonnes"
367,"Tokelau","Catches by Method","26-3",3.92,"Purse seine","Other","2021","Tonnes"
