"ID","Member_Country","Measure","Table","Value","Harvest_Sector","Year","Unit"
1,"Cook_Islands","Fishing contribution to GDP","6-5",15000000,"Fishing (including pearls)","2017","NZ$"
2,"Cook_Islands","Fishing contribution to GDP","6-5",16000000,"Fishing (including pearls)","2018","NZ$"
3,"Cook_Islands","Fishing contribution to GDP","6-5",23000000,"Fishing (including pearls)","2019","NZ$"
4,"Cook_Islands","Fishing contribution to GDP","6-5",12000000,"Fishing (including pearls)","2020","NZ$"
5,"Cook_Islands","Fishing contribution to GDP","6-5",2000000,"Fishing (including pearls)","2021","NZ$"
6,"Federated_States_of_Micronesia","Fishing contribution to GDP","7-7",125000000,"Fisheries contribution to GDP",NA,"US$"
7,"Federated_States_of_Micronesia","Fishing contribution to GDP","7-7",19000000,"Fisheries contribution to GDP",NA,"US$"
8,"Federated_States_of_Micronesia","Fishing contribution to GDP","7-7",249000000,"Fisheries contribution to GDP",NA,"US$"
9,"Federated_States_of_Micronesia","Fishing contribution to GDP","7-7",176000000,"Fisheries contribution to GDP",NA,"US$"
10,"Fiji","Fishing contribution to GDP","8-6",91200000,"Fishing & aquaculture","2018","F$"
11,"Fiji","Fishing contribution to GDP","8-6",11650600000,"Fiji GDP","2018","F$"
12,"Fiji","Fishing contribution to GDP","8-6",83600000,"Fishing & aquaculture","2019","F$"
13,"Fiji","Fishing contribution to GDP","8-6",11842600000,"Fiji GDP","2019","F$"
14,"Fiji","Fishing contribution to GDP","8-6",77400000,"Fishing & aquaculture","2020","F$"
15,"Fiji","Fishing contribution to GDP","8-6",9709800000,"Fiji GDP","2020","F$"
16,"Fiji","Fishing contribution to GDP","8-6",66800000,"Fishing & aquaculture","2021","F$"
17,"Fiji","Fishing contribution to GDP","8-6",8895900000,"Fiji GDP","2021","F$"
18,"Kiribati","Fishing contribution to GDP","9-5",5678000,"Informal sector fishing for cash sales","2017","A$"
19,"Kiribati","Fishing contribution to GDP","9-5",75000,"Seaweed growers","2017","A$"
20,"Kiribati","Fishing contribution to GDP","9-5",9464000,"Informal sector fishing for subsistence","2017","A$"
21,"Kiribati","Fishing contribution to GDP","9-5",4973000,"Formal sector fishing","2017","A$"
22,"Kiribati","Fishing contribution to GDP","9-5",22207000,"Total fishing contribution","2017","A$"
23,"Kiribati","Fishing contribution to GDP","9-5",245532000,"Kiribati GDP at market prices","2017","A$"
24,"Kiribati","Fishing contribution to GDP","9-5",6183000,"Informal sector fishing for cash sales","2018","A$"
25,"Kiribati","Fishing contribution to GDP","9-5",75000,"Seaweed growers","2018","A$"
26,"Kiribati","Fishing contribution to GDP","9-5",10305000,"Informal sector fishing for subsistence","2018","A$"
27,"Kiribati","Fishing contribution to GDP","9-5",10229000,"Formal sector fishing","2018","A$"
28,"Kiribati","Fishing contribution to GDP","9-5",26792000,"Total fishing contribution","2018","A$"
29,"Kiribati","Fishing contribution to GDP","9-5",262640000,"Kiribati GDP at market prices","2018","A$"
30,"Kiribati","Fishing contribution to GDP","9-5",5924000,"Informal sector fishing for cash sales","2019","A$"
31,"Kiribati","Fishing contribution to GDP","9-5",75000,"Seaweed growers","2019","A$"
32,"Kiribati","Fishing contribution to GDP","9-5",9874000,"Informal sector fishing for subsistence","2019","A$"
33,"Kiribati","Fishing contribution to GDP","9-5",9306000,"Formal sector fishing","2019","A$"
34,"Kiribati","Fishing contribution to GDP","9-5",25179000,"Total fishing contribution","2019","A$"
35,"Kiribati","Fishing contribution to GDP","9-5",252344000,"Kiribati GDP at market prices","2019","A$"
36,"Kiribati","Fishing contribution to GDP","9-5",6403000,"Informal sector fishing for cash sales","2020","A$"
37,"Kiribati","Fishing contribution to GDP","9-5",75000,"Seaweed growers","2020","A$"
38,"Kiribati","Fishing contribution to GDP","9-5",10672000,"Informal sector fishing for subsistence","2020","A$"
39,"Kiribati","Fishing contribution to GDP","9-5",6223000,"Formal sector fishing","2020","A$"
40,"Kiribati","Fishing contribution to GDP","9-5",23373000,"Total fishing contribution","2020","A$"
41,"Kiribati","Fishing contribution to GDP","9-5",258139000,"Kiribati GDP at market prices","2020","A$"
42,"Kiribati","Fishing contribution to GDP","9-5",5959000,"Informal sector fishing for cash sales","2021","A$"
43,"Kiribati","Fishing contribution to GDP","9-5",75000,"Seaweed growers","2021","A$"
44,"Kiribati","Fishing contribution to GDP","9-5",9932000,"Informal sector fishing for subsistence","2021","A$"
45,"Kiribati","Fishing contribution to GDP","9-5",8226000,"Formal sector fishing","2021","A$"
46,"Kiribati","Fishing contribution to GDP","9-5",24192000,"Total fishing contribution","2021","A$"
47,"Kiribati","Fishing contribution to GDP","9-5",302793000,"Kiribati GDP at market prices","2021","A$"
48,"Marshall_Islands","Fishing contribution to GDP","10-6",27100000,"Fishing contribution","2017","US$"
49,"Marshall_Islands","Fishing contribution to GDP","10-6",26900000,"Fishing contribution","2018","US$"
50,"Marshall_Islands","Fishing contribution to GDP","10-6",31800000,"Fishing contribution","2019","US$"
51,"Marshall_Islands","Fishing contribution to GDP","10-6",38000000,"Fishing contribution","2020","US$"
52,"Marshall_Islands","Fishing contribution to GDP","10-6",54500000,"Fishing contribution","2021","US$"
53,"Nauru","Fishing contribution to GDP","11-7",2600000,"Fishing Contribution","2016","A$"
54,"Nauru","Fishing contribution to GDP","11-7",2600000,"Fishing Contribution","2017","A$"
55,"Nauru","Fishing contribution to GDP","11-7",2800000,"Fishing Contribution","2018","A$"
56,"Nauru","Fishing contribution to GDP","11-7",3700000,"Fishing Contribution","2019","A$"
57,"Nauru","Fishing contribution to GDP","11-7",3700000,"Fishing Contribution","2020","A$"
58,"Palau","Fishing contribution to GDP","13-7",5300000,"Fishing Contribution","2018","US$"
59,"Palau","Fishing contribution to GDP","13-7",5100000,"Fishing Contribution","2019","US$"
60,"Palau","Fishing contribution to GDP","13-7",4400000,"Fishing Contribution","2020","US$"
61,"Palau","Fishing contribution to GDP","13-7",4300000,"Fishing Contribution","2021","US$"
62,"Papau_New_Guinea","Fishing contribution to GDP","14-6",846000000,"Gross output fishing","2013","K"
63,"Papau_New_Guinea","Fishing contribution to GDP","14-6",540000000,"Value added","2013","K"
64,"Papau_New_Guinea","Fishing contribution to GDP","14-6",93000000,"Formal fishing","2013","K"
65,"Papau_New_Guinea","Fishing contribution to GDP","14-6",447000000,"Informal fishing","2013","K"
66,"Papau_New_Guinea","Fishing contribution to GDP","14-6",47721000000,"PNG GDP","2013","K"
67,"Papau_New_Guinea","Fishing contribution to GDP","14-6",110000000,"Value added","2013","K"
68,"Papau_New_Guinea","Fishing contribution to GDP","14-6",1042000000,"Gross output fishing","2014","K"
69,"Papau_New_Guinea","Fishing contribution to GDP","14-6",625000000,"Value added","2014","K"
70,"Papau_New_Guinea","Fishing contribution to GDP","14-6",140000000,"Formal fishing","2014","K"
71,"Papau_New_Guinea","Fishing contribution to GDP","14-6",485000000,"Informal fishing","2014","K"
72,"Papau_New_Guinea","Fishing contribution to GDP","14-6",57131000000,"PNG GDP","2014","K"
73,"Papau_New_Guinea","Fishing contribution to GDP","14-6",110000000,"Value added","2014","K"
74,"Papau_New_Guinea","Fishing contribution to GDP","14-6",1194000000,"Gross output fishing","2015","K"
75,"Papau_New_Guinea","Fishing contribution to GDP","14-6",717000000,"Value added","2015","K"
76,"Papau_New_Guinea","Fishing contribution to GDP","14-6",199000000,"Formal fishing","2015","K"
77,"Papau_New_Guinea","Fishing contribution to GDP","14-6",518000000,"Informal fishing","2015","K"
78,"Papau_New_Guinea","Fishing contribution to GDP","14-6",60139000000,"PNG GDP","2015","K"
79,"Papau_New_Guinea","Fishing contribution to GDP","14-6",120000000,"Value added","2015","K"
80,"Papau_New_Guinea","Fishing contribution to GDP","14-6",1795000000,"Gross output fishing","2016","K"
81,"Papau_New_Guinea","Fishing contribution to GDP","14-6",944000000,"Value added","2016","K"
82,"Papau_New_Guinea","Fishing contribution to GDP","14-6",389000000,"Formal fishing","2016","K"
83,"Papau_New_Guinea","Fishing contribution to GDP","14-6",555000000,"Informal fishing","2016","K"
84,"Papau_New_Guinea","Fishing contribution to GDP","14-6",65038000000,"PNG GDP","2016","K"
85,"Papau_New_Guinea","Fishing contribution to GDP","14-6",150000000,"Value added","2016","K"
86,"Papau_New_Guinea","Fishing contribution to GDP","14-6",2103000000,"Gross output fishing","2017","K"
87,"Papau_New_Guinea","Fishing contribution to GDP","14-6",1072000000,"Value added","2017","K"
88,"Papau_New_Guinea","Fishing contribution to GDP","14-6",468000000,"Formal fishing","2017","K"
89,"Papau_New_Guinea","Fishing contribution to GDP","14-6",604000000,"Informal fishing","2017","K"
90,"Papau_New_Guinea","Fishing contribution to GDP","14-6",72522000000,"PNG GDP","2017","K"
91,"Papau_New_Guinea","Fishing contribution to GDP","14-6",150000000,"Value added","2017","K"
92,"Papau_New_Guinea","Fishing contribution to GDP","14-6",2287000000,"Gross output fishing","2018","K"
93,"Papau_New_Guinea","Fishing contribution to GDP","14-6",1157000000,"Value added","2018","K"
94,"Papau_New_Guinea","Fishing contribution to GDP","14-6",507000000,"Formal fishing","2018","K"
95,"Papau_New_Guinea","Fishing contribution to GDP","14-6",651000000,"Informal fishing","2018","K"
96,"Papau_New_Guinea","Fishing contribution to GDP","14-6",79405000000,"PNG GDP","2018","K"
97,"Papau_New_Guinea","Fishing contribution to GDP","14-6",150000000,"Value added","2018","K"
98,"Papau_New_Guinea","Fishing contribution to GDP","14-6",2327000000,"Gross output fishing","2019","K"
99,"Papau_New_Guinea","Fishing contribution to GDP","14-6",1196000000,"Value added","2019","K"
100,"Papau_New_Guinea","Fishing contribution to GDP","14-6",500000000,"Formal fishing","2019","K"
101,"Papau_New_Guinea","Fishing contribution to GDP","14-6",696000000,"Informal fishing","2019","K"
102,"Papau_New_Guinea","Fishing contribution to GDP","14-6",83845000000,"PNG GDP","2019","K"
103,"Papau_New_Guinea","Fishing contribution to GDP","14-6",140000000,"Value added","2019","K"
104,"Papau_New_Guinea","Fishing contribution to GDP","14-6",1264000000,"Value added","2020","K"
105,"Papau_New_Guinea","Fishing contribution to GDP","14-6",511000000,"Formal fishing","2020","K"
106,"Papau_New_Guinea","Fishing contribution to GDP","14-6",753000000,"Informal fishing","2020","K"
107,"Papau_New_Guinea","Fishing contribution to GDP","14-6",82500000000,"PNG GDP","2020","K"
108,"Papau_New_Guinea","Fishing contribution to GDP","14-6",150000000,"Value added","2020","K"
109,"Solomon_Islands","Fishing contribution to GDP","16-7",7718000000,"Fishing contribution","2018","SI$"
110,"Solomon_Islands","Fishing contribution to GDP","16-7",8501000000,"Fishing contribution","2019","SI$"
111,"Solomon_Islands","Fishing contribution to GDP","16-7",7654000000,"Fishing contribution","2020","SI$"
112,"Tokelau","Fishing contribution to GDP","26-6",526977000000,"Gross output of agriculture and fishing","2013","NZ$"
113,"Tokelau","Fishing contribution to GDP","26-6",231643000000,"Intermediate consumption of agriculture and fishing","2013","NZ$"
114,"Tokelau","Fishing contribution to GDP","26-6",295334000000,"Value added","2013","NZ$"
115,"Tokelau","Fishing contribution to GDP","26-6",529547000000,"Gross output of agriculture and fishing","2014","NZ$"
116,"Tokelau","Fishing contribution to GDP","26-6",232773000000,"Intermediate consumption of agriculture and fishing","2014","NZ$"
117,"Tokelau","Fishing contribution to GDP","26-6",296774000000,"Value added","2014","NZ$"
118,"Tokelau","Fishing contribution to GDP","26-6",558155000000,"Gross output of agriculture and fishing","2015","NZ$"
119,"Tokelau","Fishing contribution to GDP","26-6",245348000000,"Intermediate consumption of agriculture and fishing","2015","NZ$"
120,"Tokelau","Fishing contribution to GDP","26-6",312807000000,"Value added","2015","NZ$"
121,"Tokelau","Fishing contribution to GDP","26-6",569800000000,"Gross output of agriculture and fishing","2016","NZ$"
122,"Tokelau","Fishing contribution to GDP","26-6",250467000000,"Intermediate consumption of agriculture and fishing","2016","NZ$"
123,"Tokelau","Fishing contribution to GDP","26-6",319333000000,"Value added","2016","NZ$"
124,"Vanuatu","Fishing contribution to GDP","19-3",420000000,"Fishing contribution (VT millions)","2014","VT"
125,"Vanuatu","Fishing contribution to GDP","19-3",438000000,"Fishing contribution (VT millions)","2015","VT"
126,"Vanuatu","Fishing contribution to GDP","19-3",438000000,"Fishing contribution (VT millions)","2016","VT"
127,"Vanuatu","Fishing contribution to GDP","19-3",537000000,"Fishing contribution (VT millions)","2017","VT"
128,"Vanuatu","Fishing contribution to GDP","19-3",546000000,"Fishing contribution (VT millions)","2018","VT"
129,"Vanuatu","Fishing contribution to GDP","19-3",598000000,"Fishing contribution (VT millions)","2019","VT"
130,"Vanuatu","Fishing contribution to GDP","19-3",689000000,"Fishing contribution (VT millions)","2020","VT"
