"Country","Table","ID","BeneFish_Table_Name","In_All_Tables","Standardised_Table_Name","In_Captured"
"American_Samoa","'20-2",19,"Catches by American Samoa longline vessels",1,"Catches by Method","Captured"
"Cook_Islands","'6-2",9,"Foreign-based offshore catches",1,"Catches by Method","Captured"
"Cook_Islands","'6-1",2,"Small-scale trolling for tuna",1,"Catches by Method","Captured"
"Federated_States_of_Micronesia","'7-3",9,"Catches by FSM longliners (t)",1,"Catches by Method","Captured"
"Federated_States_of_Micronesia","'7-2",2,"Catches by FSM purse seiners (t)",1,"Catches by Method","Captured"
"Fiji","'8-2",2,"Volumes and values of the catch of Fiji’s longline fleet",1,"Catches by Method","Captured"
"French_Polynesia","'21-1",2,"2021 Catch and value of bonitier and poti marara fleets",1,"Catches by Method","Captured"
"French_Polynesia","'21-4",31,"Catches of the locally based longliners 2017–2021 (t)",1,"Catches by Method","Captured"
"Palau","'13-3",21,"Catches by foreign-based longliners in the Palau EEZ (t)",1,"Catches by Method","Captured"
"Palau","'13-4",28,"Catches by foreign-based purse seiners in the Palau EEZ (t)",1,"Catches by Method","Captured"
"Papua_New_Guinea","'14-1",NA,NA,NA,"Catches by Method","Captured"
"Papua_New_Guinea","'14-2",NA,NA,NA,"Catches by Method","Captured"
"Papua_New_Guinea","'14-3",NA,NA,NA,"Catches by Method","Captured"
"Tokelau","'26-3",21,"Recent annual catches by the foreign fleets in the Tokelau EEZ",1,"Catches by Method","Captured"
"Fiji","'8-14",70," Fishery product consumption at PROCFish sites",1,"Domestic Fish Consumption","Captured"
"Nauru","'11-11",103,"Consumption of fishery products on Nauru in 2019 according to the Nauru Bureau of Statistics",1,"Domestic Fish Consumption","Captured"
"Solomon_Islands","'16-16",132,"Mean daily per capita consumption of aquatic foods in the Solomon Islands",1,"Domestic Fish Consumption","Captured"
"Vanuatu","'19-7",68,"Mean daily per capita consumption of aquatic foods in Vanuatu",1,"Domestic Fish Consumption","Captured"
"Wallis_and_Futuna","'27-7",84,"Frequency of consuming fishery products in 2020",1,"Domestic Fish Consumption","Captured"
"American_Samoa","'20-4",41,"Estimates by the Benefish studies of annual fisheries harvests",1,"Estimates by the Benefish studies of annual fisheries harvests","Captured"
"Cook_Islands","'6-4",14,"Estimates by the Benefish studies of annual fisheries/aquaculture harvests",1,"Estimates by the Benefish studies of annual fisheries harvests","Captured"
"Federated_States_of_Micronesia","'7-6",26,"Estimates by the Benefish studies of annual fisheries/aquaculture harvests",1,"Estimates by the Benefish studies of annual fisheries harvests","Captured"
"Fiji","'8-5",14,"Estimates by the Benefish studies of annual fisheries/aquaculture harvests",1,"Estimates by the Benefish studies of annual fisheries harvests","Captured"
"French_Polynesia","'21-7",66,"Estimates by the Benefish studies of annual fisheries/aquaculture harvests",1,"Estimates by the Benefish studies of annual fisheries harvests","Captured"
"Guam","'22-4",31,"Estimates by the Benefish studies of annual fisheries/aquaculture harvests",1,"Estimates by the Benefish studies of annual fisheries harvests","Captured"
"International_Waters","'28-2",2,"Volume of catches in international waters",1,"Estimates by the Benefish studies of annual fisheries harvests","Captured"
"Kiribati","'9-4",23,"Estimates by the Benefish studies of annual fisheries/aquaculture harvests",1,"Estimates by the Benefish studies of annual fisheries harvests","Captured"
"Marshall_Islands","'10-5",25,"Estimates by the Benefish studies of annual fisheries/aquaculture harvests",1,"Estimates by the Benefish studies of annual fisheries harvests","Captured"
"Nauru","'11-6",45,"Estimates by the Benefish studies of annual fisheries/aquaculture harvests",1,"Estimates by the Benefish studies of annual fisheries harvests","Captured"
"New_Caledonia","'23-5",42,"Estimates by the Benefish studies of annual fisheries/aquaculture harvests",1,"Estimates by the Benefish studies of annual fisheries harvests","Captured"
"Niue","'12-2",11,"Estimates by the Benefish studies of annual fisheries/aquaculture harvests",1,"Estimates by the Benefish studies of annual fisheries harvests","Captured"
"Northern_Marianas_Islands","'24-4",31,"Estimates by the Benefish studies of annual fisheries/aquaculture harvests",1,"Estimates by the Benefish studies of annual fisheries harvests","Captured"
"Palau","'13-6",44,"Estimates by the Benefish studies of annual fisheries/aquaculture harvests",1,"Estimates by the Benefish studies of annual fisheries harvests","Captured"
"Papua_New_Guinea","'14-5",NA,NA,NA,"Estimates by the Benefish studies of annual fisheries harvests","Captured"
"Pitcairn_Islands","'25-2",12,"Results of the Benefish studies for Pitcairn",1,"Estimates by the Benefish studies of annual fisheries harvests","Captured"
"Samoa","'15-3",20,"Estimates by the Benefish studies of annual fisheries/aquaculture harvests",1,"Estimates by the Benefish studies of annual fisheries harvests","Captured"
"Solomon_Islands","'16-6",33,"Estimates by the Benefish studies of annual fisheries/aquaculture harvests",1,"Estimates by the Benefish studies of annual fisheries harvests","Captured"
"Tokelau","'26-5",47,"Estimates by the Benefish studies of annual fisheries/aquaculture harvests",1,"Estimates by the Benefish studies of annual fisheries harvests","Captured"
"Tonga","'17-3",20,"Estimates by the Benefish studies of annual fisheries/aquaculture harvests",1,"Estimates by the Benefish studies of annual fisheries harvests","Captured"
"Tuvalu","'18-3",18,"Estimates by the Benefish studies of annual fisheries/aquaculture harvests",1,"Estimates by the Benefish studies of annual fisheries harvests","Captured"
"Vanuatu","'19-2",13,"Estimates by the Benefish studies of annual fisheries/aquaculture harvests",1,"Estimates by the Benefish studies of annual fisheries harvests","Captured"
"Wallis_and_Futuna","'27-5",47,"Estimates by the Benefish studies of annual fisheries/aquaculture harvests",1,"Estimates by the Benefish studies of annual fisheries harvests","Captured"
"American_Samoa","'20-6",78,"Value of fishery product exports",1,"Fish Exports","Captured"
"Cook_Islands","'6-8",61,"Exports of fishery production",1,"Fish Exports","Captured"
"Federated_States_of_Micronesia","'7-9",65,"Fishery exports and total exports of FSM",1,"Fish Exports","Captured"
"Fiji","'8-10",56,"Fish Exports",1,"Fish Exports","Captured"
"French_Polynesia","'21-10",119,"Detailed information on the pearl exports of French Polynesia is given the DRM Statistical Bulletin ",1,"Fish Exports","Captured"
"French_Polynesia","'21-9",104,"Non-pearl fishery exports of French Polynesia",1,"Fish Exports","Captured"
"Kiribati","'9-7",67,"Fishery exports of Kiribati (thousands of A$)",1,"Fish Exports","Captured"
"Marshall_Islands","'10-8",67,"Fish exports of the Marshall Islands (US$ millions)",1,"Fish Exports","Captured"
"Marshall_Islands","'10-9",73,"Marshall Islands exports of aquarium products",1,"Fish Exports","Captured"
"New_Caledonia","'23-8",91,"Fisheries exports of New Caledonia by value (millions of XPF) ",1,"Fish Exports","Captured"
"New_Caledonia","'23-7",80,"Fisheries exports of New Caledonia by volume (t)",1,"Fish Exports","Captured"
"Palau","'13-10",89,"Value of the fishery exports of Palau (thousands of US$)",1,"Fish Exports","Captured"
"Palau","'13-9",84,"Volume of fishery exports of Palau (pounds)",1,"Fish Exports","Captured"
"Papua_New_Guinea","'14-9",NA,NA,NA,"Fish Exports","Captured"
"Samoa","'15-6",62,"Fish exports of Samoa",1,"Fish Exports","Captured"
"Samoa","'15-7",69,"Pelagic and non-pelagic fish exports of Samoa",1,"Fish Exports","Captured"
"Solomon_Islands","'16-12",100,"Fish exports of the Solomon Islands from CBSI reports",1,"Fish Exports","Captured"
"Solomon_Islands","'16-11",91,"HS 03 Exports of the Solomon Islands",1,"Fish Exports","Captured"
"Solomon_Islands","'16-13",107,"Summary of the MFMR Fishery Export Database",1,"Fish Exports","Captured"
"Tonga","'17-7",74,"Fish exports of Tonga",1,"Fish Exports","Captured"
"Vanuatu","'19-5",54,"Fishery exports of Vanuatu (million VT)",1,"Fish Exports","Captured"
"Cook_Islands","'6-9",72,"Fisheries revenue (NZ$ thousands)",1,"Fisheries Revenue","Captured"
"Marshall_Islands","'10-10",84,"Access fees received by MIMRA (US$)",1,"Fisheries Revenue","Captured"
"Marshall_Islands","'10-11",90,"Non-access revenue received by MIMRA (US$)",1,"Fisheries Revenue","Captured"
"Nauru","'11-9",88,"Nauru’s access fees (A$)",1,"Fisheries Revenue","Captured"
"Niue","'12-5",51,"Fisheries access revenue ",1,"Fisheries Revenue","Captured"
"Palau","'13-11",96,"Access fees (US$ millions) compared to total government revenue (%)",1,"Fisheries Revenue","Captured"
"Solomon_Islands","'16-14",116,"Access fees received for offshore fishing in 2020",1,"Fisheries Revenue","Captured"
"Solomon_Islands","'16-15",123,"Other government revenue from fisheries in 2020",1,"Fisheries Revenue","Captured"
"Tokelau","'26-8",92,"Tokelau offshore fisheries revenue",1,"Fisheries Revenue","Captured"
"Cook_Islands","'6-5",40,"Fishing contribution to GDP (NZ$ millions)",1,"Fishing contribution to GDP","Captured"
"Federated_States_of_Micronesia","'7-7",52,"Fisheries contribution to GDP (millions of US$)",1,"Fishing contribution to GDP","Captured"
"Fiji","'8-6",40,"Official contribution of fishing and aquaculture to GDP (F$ millions)",1,"Fishing contribution to GDP","Captured"
"Kiribati","'9-5",50,"Fishing contribution to GDP (A$ thousands)",1,"Fishing contribution to GDP","Captured"
"Marshall_Islands","'10-6",52,"Fishing contribution to GDP (US$ millions)",1,"Fishing contribution to GDP","Captured"
"Nauru","'11-7",72,"Fishing contribution to GDP ",1,"Fishing contribution to GDP","Captured"
"Palau","'13-7",70,"The fishing contribution to GDP (US$ millions)",1,"Fishing contribution to GDP","Captured"
"Papua_New_Guinea","'14-6",NA,NA,NA,"Fishing contribution to GDP","Captured"
"Solomon_Islands","'16-7",60,"Fishing contribution to GDP in the Solomon Islands",1,"Fishing contribution to GDP","Captured"
"Tokelau","'26-6",74,"Agriculture and fisheries contribution to the Tokelau GDP (current prices, NZ$)",1,"Fishing contribution to GDP","Captured"
"Vanuatu","'19-3",41,"Fishing contribution to the Vanuatu GDP (current prices)",1,"Fishing contribution to GDP","Captured"
"American_Samoa","'20-5",68,"Fishing contribution to American Samoa GDP in 2021",1,"Fishing contribution to GDP - VAR Method","Captured"
"Cook_Islands","'6-7",52,"Fishing contribution to GDP in 2021 using an alternative approach",1,"Fishing contribution to GDP - VAR Method","Captured"
"Federated_States_of_Micronesia","'7-8",57,"Fishing contribution to GDP in 2021 using an alternative approach",1,"Fishing contribution to GDP - VAR Method","Captured"
"Fiji","'7-8",46,"Fishing contribution to GDP in 2021 using an alternative approach",1,"Fishing contribution to GDP - VAR Method","Captured"
"French_Polynesia","'21-8",94,"Fishing contribution to GDP in 2021 using an alternative approach",1,"Fishing contribution to GDP - VAR Method","Captured"
"Kiribati","'9-6",59,"Fishing contribution to GDP in 2021 using an alternative approach",1,"Fishing contribution to GDP - VAR Method","Captured"
"Marshall_Islands","'10-7",57,"Fishing contribution to GDP in 2021 using an alternative approach",1,"Fishing contribution to GDP - VAR Method","Captured"
"Nauru","'11-8",78,"Fishing contribution to GDP in 2021 using an alternative approach",1,"Fishing contribution to GDP - VAR Method","Captured"
"New_Caledonia","'23-6",70,"Fishing contribution to GDP in 2021 using an alternative approach",1,"Fishing contribution to GDP - VAR Method","Captured"
"Niue","'12-4",42,"Fishing contribution to GDP 2021 using an alternative approach",1,"Fishing contribution to GDP - VAR Method","Captured"
"Northern_Marianas_Islands","'24-5",59,"Fishing contribution to CNMI GDP in 2021",1,"Fishing contribution to GDP - VAR Method","Captured"
"Palau","'13-8",75,"Fishing contribution to GDP in 2021 using an alternative approach",1,"Fishing contribution to GDP - VAR Method","Captured"
"Papua_New_Guinea","'14-7",NA,NA,NA,"Fishing contribution to GDP - VAR Method","Captured"
"Samoa","'15-5",53,"Fishing contribution to GDP in 2021 using an alternative approach",1,"Fishing contribution to GDP - VAR Method","Captured"
"Solomon_Islands","'16-9",75,"Fishing contribution to GDP in 2021 using an alternative approach",1,"Fishing contribution to GDP - VAR Method","Captured"
"Tokelau","'26-7",82,"Fishing contribution to Tokelau GDP in 2021",1,"Fishing contribution to GDP - VAR Method","Captured"
"Tonga","'17-6",66,"Fishing contribution to GDP in 2021 using an alternative approach",1,"Fishing contribution to GDP - VAR Method","Captured"
"Tuvalu","'18-5",51,"Fishing contribution to GDP in 2021 using an alternative approach",1,"Fishing contribution to GDP - VAR Method","Captured"
"Vanuatu","'19-4",46,"Fishing contribution to GDP in 2021 using an alternative approach",1,"Fishing contribution to GDP - VAR Method","Captured"
"Wallis_and_Futuna","'27-6",74,"Fishing contribution to the Wallis and Futuna GDP in 2021",1,"Fishing contribution to GDP - VAR Method","Captured"
"Fiji","'8-13",66,"Employment in Fiji’s tuna industry",1,"Fishing Employment","Captured"
"Nauru","'11-10",97,"Employment in the formal marine fishing sector in Nauru",1,"Fishing Employment","Captured"
"New_Caledonia","'23-11",118,"Number of people employed on longline vessels",1,"Fishing Employment","Captured"
"Palau","'13-12",107,"Formal employment in the fisheries sector",1,"Fishing Employment","Captured"
"Cook_Islands","'6-10",77,"Number of households engaged in fishing",1,"Number of households engaged in fishing","Captured"
"Guam","'22-2",12,"Price of fish received by fishers",1,"Price Measures","Captured"
"Nauru","'11-1",2,"2021 fish prices in Nauru",1,"Price Measures","Captured"
"Northern_Marianas_Islands","'24-2",11,"Fish prices in WPacFIN’s Best Estimated Total Commercial Landings",1,"Price Measures","Captured"
"Summary_Tables","'29-2",29,"Value of production in 2021 (US$)",1,"Value of production in 2021","Captured"
"Summary_Tables","'29-7",55,"Volume of fishery production by PICT, 2007 vs 2014 vs 2021 (t)",1,"Volume of fishery production by PICT","Captured"
"Summary_Tables","'29-1",2,"Volume of production in 2021",1,"Volume of production in 2021","Captured"
"American_Samoa","'20-3",31,"Annual fisheries and aquaculture harvest in American Samoa in 2021",1,NA,"Captured in 'Estimates by the Benefish studies of annual fisheries harvests'"
"American_Samoa","'20-1",2,"Catches of the major fisheries in American Samoa",1,NA,NA
"Cook_Islands","'6-11",85,"Exchange rates",1,NA,NA
"Cook_Islands","'6-6",45,"value-added components of the fishing sector",1,NA,NA
"Federated_States_of_Micronesia","'7-4",22,"Annual aquaculture production from the Kosrae Facility (pieces)",1,NA,NA
"Fiji","'8-3",6,"Aquaculture production in Fiji in 2021",1,NA,NA
"French_Polynesia","'21-6",56,"Annual fisheries and aquaculture harvest in French Polynesia in 2021",1,NA,"Captured in 'Estimates by the Benefish studies of annual fisheries harvests'"
"French_Polynesia","'21-11",127,"Annual supply of fish from domestic sources",1,NA,NA
"French_Polynesia","'21-2",14,"Estimate of the volume and value of commercial fishing in French Polynesia in 2021",1,NA,NA
"French_Polynesia","'21-5",45,"French Polynesia aquaculture production in 2021",1,NA,NA
"French_Polynesia","'21-3",23,"Size categories of the offshore fleet in 2021",1,NA,NA
"Guam","'22-3",21,"Annual fisheries and aquaculture harvest in Guam in 2021",1,NA,"Captured in 'Estimates by the Benefish studies of annual fisheries harvests'"
"Guam","'22-5",58,"Fishing contribution to Guam GDP in 2021",1,NA,NA
"Guam","'22-1",2,"The Best Estimated Total Commercial Landings of Guam from WPacFIN",1,NA,NA
"International_Waters","'28-3",11,"Value of catches in international waters",1,NA,NA
"Kiribati","'9-3",14,"Annual fisheries and aquaculture harvest in Kiribati in 2021",1,NA,"Captured in 'Estimates by the Benefish studies of annual fisheries harvests'"
"Kiribati","'9-2",8,"Catches by foreign-based vessels in the Kiribati zone",1,NA,NA
"Kiribati","'9-1",2,"Locally based offshore catches in the waters of Kiribati",1,NA,NA
"Kiribati","'9-8",74,"The number of people aged 5 and above participating in various types of fishing",1,NA,NA
"Marshall_Islands","'10-4",16,"Annual fisheries and aquaculture harvest in Marshall Islands in 2021",1,NA,"Captured in 'Estimates by the Benefish studies of annual fisheries harvests'"
"Marshall_Islands","'10-3",11,"Catches of foreign-based offshore vessels",1,NA,NA
"Marshall_Islands","'10-1",2,"Catches of the Majuro-based offshore vessels",1,NA,NA
"Marshall_Islands","'10-2",6,"Foreign-based vessels licensed to fish in the Marshall Islands exclusive economic zone (EEZ)",1,NA,NA
"Nauru","'11-4",27,"Foreign fleet catches in Nauru’s EEZ (t)",1,NA,NA
"Nauru","'11-3",19,"Catch and effort of Nauru’s national fleet in the Convention Area",1,NA,NA
"Nauru","'11-5",35,"Annual fisheries and aquaculture harvest in Nauru in 2021",1,NA,"Captured in 'Estimates by the Benefish studies of annual fisheries harvests'"
"Nauru","'11-2",12,"National fleet structure in 2021",1,NA,NA
"New_Caledonia","'23-4",32,"Annual fisheries and aquaculture harvest in New Caledonia in 2021",1,NA,"Captured in 'Estimates by the Benefish studies of annual fisheries harvests'"
"New_Caledonia","'23-2",10,"Composition of the coastal commercial catch (t)",1,NA,NA
"New_Caledonia","'23-9",102,"Destination of the offshore fishery production in 2020",1,NA,NA
"New_Caledonia","'23-3",19,"Locally based offshore catches (t)",1,NA,NA
"New_Caledonia","'23-10",110,"Number and types of registered coastal professional fishers in 2020",1,NA,NA
"New_Caledonia","'23-1",2,"Summary details of coastal commercial fishing ",1,NA,NA
"Niue","'12-1",2,"Annual fisheries and aquaculture harvest in Niue in 2021",1,NA,"Captured in 'Estimates by the Benefish studies of annual fisheries harvests'"
"Niue","'12-3",37,"The agriculture and fisheries contribution to the Niue GDP (current prices, NZ$ thousands)",1,NA,"MAKE THIS NOT A PRICE MEASURE"
"Niue","'12-6",58,"The number of fishing trips made, quantity of fish captured, purposes of fishing and proportion sold by month",1,NA,NA
"Northern_Marianas_Islands","'24-3",21,"Annual fisheries and aquaculture harvest in CNMI in 2021",1,NA,"Captured in 'Estimates by the Benefish studies of annual fisheries harvests'"
"Northern_Marianas_Islands","'24-1",2,"Best Estimated Total Commercial Landings of CNMI from WPacFIN",1,NA,NA
"Palau","'13-5",35,"Annual fisheries and aquaculture harvest in Palau in 2021",1,NA,"Captured in 'Estimates by the Benefish studies of annual fisheries harvests'"
"Palau","'13-1",2,"Estimates of the primary components of the coastal commercial fisheries production  and distribution in Palau",1,NA,NA
"Palau","'13-2",14,"Number of foreign-based offshore fishing vessels in the Palau EEZ",1,NA,NA
"Papau_New_Guinea","'14-6",59,"Fishing contribution to PNG’s GDP ",1,NA,NA
"Papau_New_Guinea","'14-4",23,"Annual fisheries and aquaculture harvest in PNG in 2021",1,NA,"Captured in 'Estimates by the Benefish studies of annual fisheries harvests'"
"Papau_New_Guinea","'14-3",16,"Catch of the foreign longliners in the PNG EEZ",1,NA,NA
"Papau_New_Guinea","'14-2",9,"Catch of the foreign purse seiners in the PNG EEZ ",1,NA,NA
"Papau_New_Guinea","'14-1",2,"Catches of the locally based purse seine fleet (t)",1,NA,NA
"Papau_New_Guinea","'14-8",76,"Comparing the value added of the official and alternative estimates",1,NA,NA
"Papau_New_Guinea","'14-5",32,"Estimates by the Benefish studies of annual fisheries/aquaculture harvests",1,NA,NA
"Papau_New_Guinea","'14-9",82,"Fishery exports of PNG",1,NA,"MAKE THIS AN EXPORT MEASURE"
"Papau_New_Guinea","'14-7",67,"Fishing contribution to GDP in 2021 using an alternative approach",1,NA,NA
"Pitcairn_Islands","'25-1",2,"Annual fisheries and aquaculture harvest in Pitcairn in 2021",1,NA,"Captured in 'Estimates by the Benefish studies of annual fisheries harvests'"
"Pitcairn_Islands","'25-3",21,"Fishing contribution to Pitcairn GDP in 2021",1,NA,NA
"Samoa","'15-1",2,"Catches by the locally based tuna vessels",1,NA,NA
"Samoa","'15-2",11,"Fisheries and aquaculture harvest in Samoa in 2021",1,NA,NA
"Samoa","'15-4",48,"Official contribution of fishing to GDP (ST$ millions)",1,NA,NA
"Solomon_Islands","'16-5",24,"Annual fisheries and aquaculture harvest in Solomon Islands in 2021",1,NA,"Captured in 'Estimates by the Benefish studies of annual fisheries harvests'"
"Solomon_Islands","'16-4",19,"Aquaculture production in 2021",1,NA,NA
"Solomon_Islands","'16-8",65,"Calculating the 2020 fishing sector contribution to GDP",1,NA,NA
"Solomon_Islands","'16-2",8,"In-zone value of the domestic fleet catch",1,NA,NA
"Solomon_Islands","'16-1",2,"Solomon Islands domestic fleet catch (t)",1,NA,NA
"Solomon_Islands","'16-10",85,"Value added of the two approaches",1,NA,NA
"Solomon_Islands","'16-3",14,"Volume and value of the catches of foreign-based vessels",1,NA,NA
"Summary_Tables","'30-1",124,"Official estimates of GDP and fishing contribution to GDP ",1,NA,NA
"Tokelau","'26-4",37,"Annual fisheries and aquaculture harvest in Tokelau in 2021",1,NA,"Captured in 'Estimates by the Benefish studies of annual fisheries harvests'"
"Tokelau","'26-2",10,"Nationality and number of bilateral offshore licences issued in 2021",1,NA,NA
"Tokelau","'26-1",2,"Estimated coastal tuna catches in Tokelau waters, 2018–2021",1,NA,NA
"Tonga","'17-2",10,"Annual fisheries and aquaculture harvest in Tonga in 2021",1,NA,"Captured in 'Estimates by the Benefish studies of annual fisheries harvests'"
"Tonga","'17-5",52,"Components of the fishing contribution to GDP",1,NA,NA
"Tonga","'17-9",96,"Disposal of tuna from locally based longliners (t)",1,NA,NA
"Tonga","'17-8",86,"Participation in various fishery sub-sectors in 2015",1,NA,NA
"Tonga","'17-4",47,"Tonga fishing sector contribution to GDP",1,NA,NA
"Tonga","'17-1",2,"Tuna and bycatch catches of the Tonga national fleet",1,NA,NA
"Tuvalu","'18-4",45,"The fishing contribution to Tuvalu’s GDP (A$ thousands)",1,NA,NA
"Tuvalu","'18-2",9,"Annual fisheries and aquaculture harvest in Tuvalu in 2021",1,NA,"Captured in 'Estimates by the Benefish studies of annual fisheries harvests'"
"Tuvalu","'18-7",66,"Expenditure on common food items (%) ",1,NA,NA
"Tuvalu","'18-1",2,"Number of bilateral licenses issued for fishing in Tuvalu waters",1,NA,NA
"Tuvalu","'18-6",60,"Transshipment statistics",1,NA,NA
"Vanuatu","'19-1",2,"Annual fisheries and aquaculture harvest in Vanuatu in 2021",1,NA,"Captured in 'Estimates by the Benefish studies of annual fisheries harvests'"
"Vanuatu","'19-6",62,"Household income from Fisheries",1,NA,NA
"Wallis_and_Futuna","'27-4",37,"Annual fisheries and aquaculture harvest in Wallis and Futuna in 2021",1,NA,"Captured in 'Estimates by the Benefish studies of annual fisheries harvests'"
"Wallis_and_Futuna","'27-3",31,"Disposal of fish on Wallis and Futuna",1,NA,NA
"Wallis_and_Futuna","'27-2",17,"Value of the 2021 Catch",1,NA,NA
"Wallis_and_Futuna","'27-1",2,"Volume of catches by year and species group (t)",1,NA,NA
