"ID","Member_Country","Measure","Table","Value","Harvest_Sector","GDP_Dimension","Year","Unit"
1,"American_Samoa","Fishing contribution to GDP - VAR Method","20-5",105000,"Coastal commercial","Gross Value of Production","2021","US$"
2,"American_Samoa","Fishing contribution to GDP - VAR Method","20-5",490000,"Coastal subsistence","Gross Value of Production","2021","US$"
3,"American_Samoa","Fishing contribution to GDP - VAR Method","20-5",3000000,"Offshore Locally Based","Gross Value of Production","2021","US$"
4,"American_Samoa","Fishing contribution to GDP - VAR Method","20-5",4900,"Freshwater","Gross Value of Production","2021","US$"
5,"American_Samoa","Fishing contribution to GDP - VAR Method","20-5",49000,"Aquaculture","Gross Value of Production","2021","US$"
6,"American_Samoa","Fishing contribution to GDP - VAR Method","20-5",0.69,"Coastal commercial","VAR","2021","Proportion"
7,"American_Samoa","Fishing contribution to GDP - VAR Method","20-5",0.85,"Coastal subsistence","VAR","2021","Proportion"
8,"American_Samoa","Fishing contribution to GDP - VAR Method","20-5",0.25,"Offshore Locally Based","VAR","2021","Proportion"
9,"American_Samoa","Fishing contribution to GDP - VAR Method","20-5",0.9,"Freshwater","VAR","2021","Proportion"
10,"American_Samoa","Fishing contribution to GDP - VAR Method","20-5",0.74,"Aquaculture","VAR","2021","Proportion"
11,"American_Samoa","Fishing contribution to GDP - VAR Method","20-5",72450,"Coastal commercial","Value added","2021","US$"
12,"American_Samoa","Fishing contribution to GDP - VAR Method","20-5",416500,"Coastal subsistence","Value added","2021","US$"
13,"American_Samoa","Fishing contribution to GDP - VAR Method","20-5",750000,"Offshore Locally Based","Value added","2021","US$"
14,"American_Samoa","Fishing contribution to GDP - VAR Method","20-5",4410,"Freshwater","Value added","2021","US$"
15,"American_Samoa","Fishing contribution to GDP - VAR Method","20-5",36260,"Aquaculture","Value added","2021","US$"
16,"Cook_Islands","Fishing contribution to GDP - VAR Method","6-7",1600000,"Coastal commercial","Gross Value of Production","2021","NZ$"
17,"Cook_Islands","Fishing contribution to GDP - VAR Method","6-7",2300000,"Coastal subsistence","Gross Value of Production","2021","NZ$"
18,"Cook_Islands","Fishing contribution to GDP - VAR Method","6-7",2500000,"Offshore Locally Based","Gross Value of Production","2021","NZ$"
19,"Cook_Islands","Fishing contribution to GDP - VAR Method","6-7",41000,"Freshwater","Gross Value of Production","2021","NZ$"
20,"Cook_Islands","Fishing contribution to GDP - VAR Method","6-7",330500,"Aquaculture","Gross Value of Production","2021","NZ$"
21,"Cook_Islands","Fishing contribution to GDP - VAR Method","6-7",0.65,"Coastal commercial","VAR","2021","Proportion"
22,"Cook_Islands","Fishing contribution to GDP - VAR Method","6-7",0.8,"Coastal subsistence","VAR","2021","Proportion"
23,"Cook_Islands","Fishing contribution to GDP - VAR Method","6-7",0.2,"Offshore Locally Based","VAR","2021","Proportion"
24,"Cook_Islands","Fishing contribution to GDP - VAR Method","6-7",0.9,"Freshwater","VAR","2021","Proportion"
25,"Cook_Islands","Fishing contribution to GDP - VAR Method","6-7",0.45,"Aquaculture","VAR","2021","Proportion"
26,"Cook_Islands","Fishing contribution to GDP - VAR Method","6-7",1040000,"Coastal commercial","Value added","2021","NZ$"
27,"Cook_Islands","Fishing contribution to GDP - VAR Method","6-7",1840000,"Coastal subsistence","Value added","2021","NZ$"
28,"Cook_Islands","Fishing contribution to GDP - VAR Method","6-7",500000,"Offshore Locally Based","Value added","2021","NZ$"
29,"Cook_Islands","Fishing contribution to GDP - VAR Method","6-7",36900,"Freshwater","Value added","2021","NZ$"
30,"Cook_Islands","Fishing contribution to GDP - VAR Method","6-7",148725,"Aquaculture","Value added","2021","NZ$"
31,"Federated_States_of_Micronesia","Fishing contribution to GDP - VAR Method","7-8",7000000,"Coastal commercial","Gross Value of Production","2021","US$"
32,"Federated_States_of_Micronesia","Fishing contribution to GDP - VAR Method","7-8",10500000,"Coastal subsistence","Gross Value of Production","2021","US$"
33,"Federated_States_of_Micronesia","Fishing contribution to GDP - VAR Method","7-8",35757258,"Offshore Locally Based","Gross Value of Production","2021","US$"
34,"Federated_States_of_Micronesia","Fishing contribution to GDP - VAR Method","7-8",8000,"Freshwater","Gross Value of Production","2021","US$"
35,"Federated_States_of_Micronesia","Fishing contribution to GDP - VAR Method","7-8",325000,"Aquaculture","Gross Value of Production","2021","US$"
36,"Federated_States_of_Micronesia","Fishing contribution to GDP - VAR Method","7-8",75,"Coastal commercial","VAR","2021","Proportion"
37,"Federated_States_of_Micronesia","Fishing contribution to GDP - VAR Method","7-8",85,"Coastal subsistence","VAR","2021","Proportion"
38,"Federated_States_of_Micronesia","Fishing contribution to GDP - VAR Method","7-8",5,"Offshore Locally Based","VAR","2021","Proportion"
39,"Federated_States_of_Micronesia","Fishing contribution to GDP - VAR Method","7-8",95,"Freshwater","VAR","2021","Proportion"
40,"Federated_States_of_Micronesia","Fishing contribution to GDP - VAR Method","7-8",55,"Aquaculture","VAR","2021","Proportion"
41,"Federated_States_of_Micronesia","Fishing contribution to GDP - VAR Method","7-8",5250000,"Coastal commercial","Value added","2021","US$"
42,"Federated_States_of_Micronesia","Fishing contribution to GDP - VAR Method","7-8",8925000,"Coastal subsistence","Value added","2021","US$"
43,"Federated_States_of_Micronesia","Fishing contribution to GDP - VAR Method","7-8",17878629,"Offshore Locally Based","Value added","2021","US$"
44,"Federated_States_of_Micronesia","Fishing contribution to GDP - VAR Method","7-8",7600,"Freshwater","Value added","2021","US$"
45,"Federated_States_of_Micronesia","Fishing contribution to GDP - VAR Method","7-8",178750,"Aquaculture","Value added","2021","US$"
46,"Fiji","Fishing contribution to GDP - VAR Method","7-8",58000000,"Coastal commercial","Gross Value of Production","2021","F$"
47,"Fiji","Fishing contribution to GDP - VAR Method","7-8",80000000,"Coastal subsistence","Gross Value of Production","2021","F$"
48,"Fiji","Fishing contribution to GDP - VAR Method","7-8",84600000,"Offshore Locally Based","Gross Value of Production","2021","F$"
49,"Fiji","Fishing contribution to GDP - VAR Method","7-8",7000000,"Freshwater","Gross Value of Production","2021","F$"
50,"Fiji","Fishing contribution to GDP - VAR Method","7-8",3000000,"Pearls","Gross Value of Production","2021","F$"
51,"Fiji","Fishing contribution to GDP - VAR Method","7-8",3014000,"Other aquaculture","Gross Value of Production","2021","F$"
52,"Fiji","Fishing contribution to GDP - VAR Method","7-8",0.55,"Coastal commercial","VAR","2021","F$"
53,"Fiji","Fishing contribution to GDP - VAR Method","7-8",0.8,"Coastal subsistence","VAR","2021","F$"
54,"Fiji","Fishing contribution to GDP - VAR Method","7-8",0.2,"Offshore Locally Based","VAR","2021","F$"
55,"Fiji","Fishing contribution to GDP - VAR Method","7-8",0.9,"Freshwater","VAR","2021","F$"
56,"Fiji","Fishing contribution to GDP - VAR Method","7-8",0.45,"Pearls","VAR","2021","F$"
57,"Fiji","Fishing contribution to GDP - VAR Method","7-8",0.73,"Other aquaculture","VAR","2021","F$"
58,"Fiji","Fishing contribution to GDP - VAR Method","7-8",31900000,"Coastal commercial","Value added","2021","F$"
59,"Fiji","Fishing contribution to GDP - VAR Method","7-8",64000000,"Coastal subsistence","Value added","2021","F$"
60,"Fiji","Fishing contribution to GDP - VAR Method","7-8",16920000,"Offshore Locally Based","Value added","2021","F$"
61,"Fiji","Fishing contribution to GDP - VAR Method","7-8",6300000,"Freshwater","Value added","2021","F$"
62,"Fiji","Fishing contribution to GDP - VAR Method","7-8",1350000,"Pearls","Value added","2021","F$"
63,"Fiji","Fishing contribution to GDP - VAR Method","7-8",2200220,"Other aquaculture","Value added","2021","F$"
64,"French_Polynesia","Fishing contribution to GDP - VAR Method","21-8",2198100000,"Coastal commercial","Gross Value of Production","2021","XPF"
65,"French_Polynesia","Fishing contribution to GDP - VAR Method","21-8",1014270546,"Coastal subsistence","Gross Value of Production","2021","XPF"
66,"French_Polynesia","Fishing contribution to GDP - VAR Method","21-8",4434400000,"Offshore Locally Based","Gross Value of Production","2021","XPF"
67,"French_Polynesia","Fishing contribution to GDP - VAR Method","21-8",43800000,"Freshwater","Gross Value of Production","2021","XPF"
68,"French_Polynesia","Fishing contribution to GDP - VAR Method","21-8",5846728000,"Aquaculture","Gross Value of Production","2021","XPF"
69,"French_Polynesia","Fishing contribution to GDP - VAR Method","21-8",0.55,"Coastal commercial","VAR","2021","Proportion"
70,"French_Polynesia","Fishing contribution to GDP - VAR Method","21-8",0.7,"Coastal subsistence","VAR","2021","Proportion"
71,"French_Polynesia","Fishing contribution to GDP - VAR Method","21-8",0.2,"Offshore Locally Based","VAR","2021","Proportion"
72,"French_Polynesia","Fishing contribution to GDP - VAR Method","21-8",0.85,"Freshwater","VAR","2021","Proportion"
73,"French_Polynesia","Fishing contribution to GDP - VAR Method","21-8",0.45,"Aquaculture","VAR","2021","Proportion"
74,"French_Polynesia","Fishing contribution to GDP - VAR Method","21-8",1208955000,"Coastal commercial","Value added","2021","XPF"
75,"French_Polynesia","Fishing contribution to GDP - VAR Method","21-8",709989382,"Coastal subsistence","Value added","2021","XPF"
76,"French_Polynesia","Fishing contribution to GDP - VAR Method","21-8",886880000,"Offshore Locally Based","Value added","2021","XPF"
77,"French_Polynesia","Fishing contribution to GDP - VAR Method","21-8",37230000,"Freshwater","Value added","2021","XPF"
78,"French_Polynesia","Fishing contribution to GDP - VAR Method","21-8",2631027600,"Aquaculture","Value added","2021","XPF"
79,"Kiribati","Fishing contribution to GDP - VAR Method","9-6",31000000,"Coastal commercial","Gross Value of Production","2021","A$"
80,"Kiribati","Fishing contribution to GDP - VAR Method","9-6",30000000,"Coastal subsistence","Gross Value of Production","2021","A$"
81,"Kiribati","Fishing contribution to GDP - VAR Method","9-6",131789,"Offshore Locally Based","Gross Value of Production","2021","A$"
82,"Kiribati","Fishing contribution to GDP - VAR Method","9-6",0,"Freshwater","Gross Value of Production","2021","A$"
83,"Kiribati","Fishing contribution to GDP - VAR Method","9-6",10000,"Aquaculture","Gross Value of Production","2021","A$"
84,"Kiribati","Fishing contribution to GDP - VAR Method","9-6",0.65,"Coastal commercial","VAR","2021","Proportion"
85,"Kiribati","Fishing contribution to GDP - VAR Method","9-6",0.9,"Coastal subsistence","VAR","2021","Proportion"
86,"Kiribati","Fishing contribution to GDP - VAR Method","9-6",0.2,"Offshore Locally Based","VAR","2021","Proportion"
87,"Kiribati","Fishing contribution to GDP - VAR Method","9-6",0.72,"Aquaculture","VAR","2021","Proportion"
88,"Kiribati","Fishing contribution to GDP - VAR Method","9-6",20150000,"Coastal commercial","Value added","2021","A$"
89,"Kiribati","Fishing contribution to GDP - VAR Method","9-6",27000000,"Coastal subsistence","Value added","2021","A$"
90,"Kiribati","Fishing contribution to GDP - VAR Method","9-6",26358,"Offshore Locally Based","Value added","2021","A$"
91,"Kiribati","Fishing contribution to GDP - VAR Method","9-6",0,"Freshwater","Value added","2021","A$"
92,"Kiribati","Fishing contribution to GDP - VAR Method","9-6",7200,"Aquaculture","Value added","2021","A$"
93,"Marshall_Islands","Fishing contribution to GDP - VAR Method","10-7",3400000,"Coastal commercial","Gross Value of Production","2021","US$"
94,"Marshall_Islands","Fishing contribution to GDP - VAR Method","10-7",6000000,"Coastal subsistence","Gross Value of Production","2021","US$"
95,"Marshall_Islands","Fishing contribution to GDP - VAR Method","10-7",0,"Offshore Locally Based","Gross Value of Production","2021","US$"
96,"Marshall_Islands","Fishing contribution to GDP - VAR Method","10-7",0,"Freshwater","Gross Value of Production","2021","US$"
97,"Marshall_Islands","Fishing contribution to GDP - VAR Method","10-7",85500,"Aquaculture","Gross Value of Production","2021","US$"
98,"Marshall_Islands","Fishing contribution to GDP - VAR Method","10-7",0.75,"Coastal commercial","VAR","2021","Proportion"
99,"Marshall_Islands","Fishing contribution to GDP - VAR Method","10-7",0.85,"Coastal subsistence","VAR","2021","Proportion"
100,"Marshall_Islands","Fishing contribution to GDP - VAR Method","10-7",0,"Offshore Locally Based","VAR","2021","Proportion"
101,"Marshall_Islands","Fishing contribution to GDP - VAR Method","10-7",0,"Freshwater","VAR","2021","Proportion"
102,"Marshall_Islands","Fishing contribution to GDP - VAR Method","10-7",0.55,"Aquaculture","VAR","2021","Proportion"
103,"Marshall_Islands","Fishing contribution to GDP - VAR Method","10-7",2550000,"Coastal commercial","Value added","2021","US$"
104,"Marshall_Islands","Fishing contribution to GDP - VAR Method","10-7",5100000,"Coastal subsistence","Value added","2021","US$"
105,"Marshall_Islands","Fishing contribution to GDP - VAR Method","10-7",0,"Offshore Locally Based","Value added","2021","US$"
106,"Marshall_Islands","Fishing contribution to GDP - VAR Method","10-7",0,"Freshwater","Value added","2021","US$"
107,"Marshall_Islands","Fishing contribution to GDP - VAR Method","10-7",47025,"Aquaculture","Value added","2021","US$"
108,"Nauru","Fishing contribution to GDP - VAR Method","11-8",1540000,"Coastal commercial","Gross Value of Production","2021","A$"
109,"Nauru","Fishing contribution to GDP - VAR Method","11-8",770000,"Coastal subsistence","Gross Value of Production","2021","A$"
110,"Nauru","Fishing contribution to GDP - VAR Method","11-8",0,"Offshore Locally Based","Gross Value of Production","2021","A$"
111,"Nauru","Fishing contribution to GDP - VAR Method","11-8",0,"Freshwater","Gross Value of Production","2021","A$"
112,"Nauru","Fishing contribution to GDP - VAR Method","11-8",1000,"Aquaculture","Gross Value of Production","2021","A$"
113,"Nauru","Fishing contribution to GDP - VAR Method","11-8",0.65,"Coastal commercial","VAR","2021","Proportion"
114,"Nauru","Fishing contribution to GDP - VAR Method","11-8",0.8,"Coastal subsistence","VAR","2021","Proportion"
115,"Nauru","Fishing contribution to GDP - VAR Method","11-8",0,"Offshore Locally Based","VAR","2021","Proportion"
116,"Nauru","Fishing contribution to GDP - VAR Method","11-8",0,"Freshwater","VAR","2021","Proportion"
117,"Nauru","Fishing contribution to GDP - VAR Method","11-8",0.85,"Aquaculture","VAR","2021","Proportion"
118,"Nauru","Fishing contribution to GDP - VAR Method","11-8",1001000,"Coastal commercial","Value added","2021","A$"
119,"Nauru","Fishing contribution to GDP - VAR Method","11-8",616000,"Coastal subsistence","Value added","2021","A$"
120,"Nauru","Fishing contribution to GDP - VAR Method","11-8",0,"Offshore Locally Based","Value added","2021","A$"
121,"Nauru","Fishing contribution to GDP - VAR Method","11-8",0,"Freshwater","Value added","2021","A$"
122,"Nauru","Fishing contribution to GDP - VAR Method","11-8",850,"Aquaculture","Value added","2021","A$"
123,"New_Caledonia","Fishing contribution to GDP - VAR Method","23-6",524280000,"Coastal commercial","Gross Value of Production","2021","XPF"
124,"New_Caledonia","Fishing contribution to GDP - VAR Method","23-6",2568972000,"Coastal subsistence","Gross Value of Production","2021","XPF"
125,"New_Caledonia","Fishing contribution to GDP - VAR Method","23-6",1846000000,"Offshore Locally Based","Gross Value of Production","2021","XPF"
126,"New_Caledonia","Fishing contribution to GDP - VAR Method","23-6",5397000,"Freshwater","Gross Value of Production","2021","XPF"
127,"New_Caledonia","Fishing contribution to GDP - VAR Method","23-6",2088000000,"Aquaculture","Gross Value of Production","2021","XPF"
128,"New_Caledonia","Fishing contribution to GDP - VAR Method","23-6",0.65,"Coastal commercial","VAR","2021","Proportion"
129,"New_Caledonia","Fishing contribution to GDP - VAR Method","23-6",0.8,"Coastal subsistence","VAR","2021","Proportion"
130,"New_Caledonia","Fishing contribution to GDP - VAR Method","23-6",0.2,"Offshore Locally Based","VAR","2021","Proportion"
131,"New_Caledonia","Fishing contribution to GDP - VAR Method","23-6",0.9,"Freshwater","VAR","2021","Proportion"
132,"New_Caledonia","Fishing contribution to GDP - VAR Method","23-6",0.4,"Aquaculture","VAR","2021","Proportion"
133,"New_Caledonia","Fishing contribution to GDP - VAR Method","23-6",340782000,"Coastal commercial","Value added","2021","XPF"
134,"New_Caledonia","Fishing contribution to GDP - VAR Method","23-6",2055177600,"Coastal subsistence","Value added","2021","XPF"
135,"New_Caledonia","Fishing contribution to GDP - VAR Method","23-6",369200000,"Offshore Locally Based","Value added","2021","XPF"
136,"New_Caledonia","Fishing contribution to GDP - VAR Method","23-6",4857300,"Freshwater","Value added","2021","XPF"
137,"New_Caledonia","Fishing contribution to GDP - VAR Method","23-6",835200000,"Aquaculture","Value added","2021","XPF"
138,"Niue","Fishing contribution to GDP - VAR Method","12-4",135000,"Coastal commercial","Gross Value of Production","2021","NZ$"
139,"Niue","Fishing contribution to GDP - VAR Method","12-4",1680000,"Coastal subsistence","Gross Value of Production","2021","NZ$"
140,"Niue","Fishing contribution to GDP - VAR Method","12-4",0,"Offshore Locally Based","Gross Value of Production","2021","NZ$"
141,"Niue","Fishing contribution to GDP - VAR Method","12-4",0,"Freshwater","Gross Value of Production","2021","NZ$"
142,"Niue","Fishing contribution to GDP - VAR Method","12-4",0,"Aquaculture","Gross Value of Production","2021","NZ$"
143,"Niue","Fishing contribution to GDP - VAR Method","12-4",0.65,"Coastal commercial","VAR","2021","Proportion"
144,"Niue","Fishing contribution to GDP - VAR Method","12-4",0.85,"Coastal subsistence","VAR","2021","Proportion"
145,"Niue","Fishing contribution to GDP - VAR Method","12-4",0,"Offshore Locally Based","VAR","2021","Proportion"
146,"Niue","Fishing contribution to GDP - VAR Method","12-4",0,"Freshwater","VAR","2021","Proportion"
147,"Niue","Fishing contribution to GDP - VAR Method","12-4",0,"Aquaculture","VAR","2021","Proportion"
148,"Niue","Fishing contribution to GDP - VAR Method","12-4",87750,"Coastal commercial","Value added","2021","NZ$"
149,"Niue","Fishing contribution to GDP - VAR Method","12-4",1428000,"Coastal subsistence","Value added","2021","NZ$"
150,"Niue","Fishing contribution to GDP - VAR Method","12-4",0,"Offshore Locally Based","Value added","2021","NZ$"
151,"Niue","Fishing contribution to GDP - VAR Method","12-4",0,"Freshwater","Value added","2021","NZ$"
152,"Niue","Fishing contribution to GDP - VAR Method","12-4",0,"Aquaculture","Value added","2021","NZ$"
153,"Northern_Marianas_Islands","Fishing contribution to GDP - VAR Method","24-5",1175803,"Coastal commercial",NA,"2021","US$"
154,"Northern_Marianas_Islands","Fishing contribution to GDP - VAR Method","24-5",915960,"Coastal subsistence",NA,"2021","US$"
155,"Northern_Marianas_Islands","Fishing contribution to GDP - VAR Method","24-5",0,"Offshore Locally Based",NA,"2021","US$"
156,"Northern_Marianas_Islands","Fishing contribution to GDP - VAR Method","24-5",0,"Freshwater",NA,"2021","US$"
157,"Northern_Marianas_Islands","Fishing contribution to GDP - VAR Method","24-5",16250,"Aquaculture",NA,"2021","US$"
158,"Northern_Marianas_Islands","Fishing contribution to GDP - VAR Method","24-5",0.6,"Coastal commercial",NA,"2021","Proportion"
159,"Northern_Marianas_Islands","Fishing contribution to GDP - VAR Method","24-5",0.8,"Coastal subsistence",NA,"2021","Proportion"
160,"Northern_Marianas_Islands","Fishing contribution to GDP - VAR Method","24-5",0,"Offshore Locally Based",NA,"2021","Proportion"
161,"Northern_Marianas_Islands","Fishing contribution to GDP - VAR Method","24-5",0,"Freshwater",NA,"2021","Proportion"
162,"Northern_Marianas_Islands","Fishing contribution to GDP - VAR Method","24-5",0.5,"Aquaculture",NA,"2021","Proportion"
163,"Northern_Marianas_Islands","Fishing contribution to GDP - VAR Method","24-5",705482,"Coastal commercial",NA,"2021","US$"
164,"Northern_Marianas_Islands","Fishing contribution to GDP - VAR Method","24-5",732768,"Coastal subsistence",NA,"2021","US$"
165,"Northern_Marianas_Islands","Fishing contribution to GDP - VAR Method","24-5",0,"Offshore Locally Based",NA,"2021","US$"
166,"Northern_Marianas_Islands","Fishing contribution to GDP - VAR Method","24-5",0,"Freshwater",NA,"2021","US$"
167,"Northern_Marianas_Islands","Fishing contribution to GDP - VAR Method","24-5",8125,"Aquaculture",NA,"2021","US$"
168,"Palau","Fishing contribution to GDP - VAR Method","13-8",5510000,"Coastal commercial","Gross Value of Production","2021","US$"
169,"Palau","Fishing contribution to GDP - VAR Method","13-8",5399800,"Coastal subsistence","Gross Value of Production","2021","US$"
170,"Palau","Fishing contribution to GDP - VAR Method","13-8",395250,"Offshore Locally Based","Gross Value of Production","2021","US$"
171,"Palau","Fishing contribution to GDP - VAR Method","13-8",10000,"Freshwater","Gross Value of Production","2021","US$"
172,"Palau","Fishing contribution to GDP - VAR Method","13-8",89000,"Aquaculture","Gross Value of Production","2021","US$"
173,"Palau","Fishing contribution to GDP - VAR Method","13-8",0.7,"Coastal commercial","VAR","2021","Proportion"
174,"Palau","Fishing contribution to GDP - VAR Method","13-8",0.8,"Coastal subsistence","VAR","2021","Proportion"
175,"Palau","Fishing contribution to GDP - VAR Method","13-8",0.2,"Offshore Locally Based","VAR","2021","Proportion"
176,"Palau","Fishing contribution to GDP - VAR Method","13-8",0.95,"Freshwater","VAR","2021","Proportion"
177,"Palau","Fishing contribution to GDP - VAR Method","13-8",0.6,"Aquaculture","VAR","2021","Proportion"
178,"Palau","Fishing contribution to GDP - VAR Method","13-8",3857000,"Coastal commercial","Value added","2021","US$"
179,"Palau","Fishing contribution to GDP - VAR Method","13-8",4319840,"Coastal subsistence","Value added","2021","US$"
180,"Palau","Fishing contribution to GDP - VAR Method","13-8",79050,"Offshore Locally Based","Value added","2021","US$"
181,"Palau","Fishing contribution to GDP - VAR Method","13-8",9500,"Freshwater","Value added","2021","US$"
182,"Palau","Fishing contribution to GDP - VAR Method","13-8",53400,"Aquaculture","Value added","2021","US$"
183,"Papua_New_Guinea","Fishing contribution to GDP - VAR Method","14-7",66000000,"Coastal commercial","Gross Value of Production","2021","K"
184,"Papua_New_Guinea","Fishing contribution to GDP - VAR Method","14-7",280000000,"Coastal subsistence","Gross Value of Production","2021","K"
185,"Papua_New_Guinea","Fishing contribution to GDP - VAR Method","14-7",719000000,"Offshore Locally Based","Gross Value of Production","2021","K"
186,"Papua_New_Guinea","Fishing contribution to GDP - VAR Method","14-7",129000000,"Freshwater","Gross Value of Production","2021","K"
187,"Papua_New_Guinea","Fishing contribution to GDP - VAR Method","14-7",12000000,"Aquaculture","Gross Value of Production","2021","K"
188,"Papua_New_Guinea","Fishing contribution to GDP - VAR Method","14-7",0.65,"Coastal commercial","VAR","2021","Proportion"
189,"Papua_New_Guinea","Fishing contribution to GDP - VAR Method","14-7",0.9,"Coastal subsistence","VAR","2021","Proportion"
190,"Papua_New_Guinea","Fishing contribution to GDP - VAR Method","14-7",0.5,"Offshore Locally Based","VAR","2021","Proportion"
191,"Papua_New_Guinea","Fishing contribution to GDP - VAR Method","14-7",0.95,"Freshwater","VAR","2021","Proportion"
192,"Papua_New_Guinea","Fishing contribution to GDP - VAR Method","14-7",0.7,"Aquaculture","VAR","2021","Proportion"
193,"Papua_New_Guinea","Fishing contribution to GDP - VAR Method","14-7",42900000,"Coastal commercial","Value added","2021","K"
194,"Papua_New_Guinea","Fishing contribution to GDP - VAR Method","14-7",252000000,"Coastal subsistence","Value added","2021","K"
195,"Papua_New_Guinea","Fishing contribution to GDP - VAR Method","14-7",359500000,"Offshore Locally Based","Value added","2021","K"
196,"Papua_New_Guinea","Fishing contribution to GDP - VAR Method","14-7",122550000,"Freshwater","Value added","2021","K"
197,"Papua_New_Guinea","Fishing contribution to GDP - VAR Method","14-7",8400000,"Aquaculture","Value added","2021","K"
198,"Samoa","Fishing contribution to GDP - VAR Method","15-5",58000000,"Coastal commercial","Gross Value of Production","2021","ST$"
199,"Samoa","Fishing contribution to GDP - VAR Method","15-5",40000000,"Coastal subsistence","Gross Value of Production","2021","ST$"
200,"Samoa","Fishing contribution to GDP - VAR Method","15-5",73500,"Freshwater","Gross Value of Production","2021","ST$"
201,"Samoa","Fishing contribution to GDP - VAR Method","15-5",107500,"Aquaculture","Gross Value of Production","2021","ST$"
202,"Samoa","Fishing contribution to GDP - VAR Method","15-5",0.8,"Coastal commercial","VAR","2021","Proportion"
203,"Samoa","Fishing contribution to GDP - VAR Method","15-5",0.9,"Coastal subsistence","VAR","2021","Proportion"
204,"Samoa","Fishing contribution to GDP - VAR Method","15-5",0.39,"Offshore Locally Based","VAR","2021","Proportion"
205,"Samoa","Fishing contribution to GDP - VAR Method","15-5",0.9,"Freshwater","VAR","2021","Proportion"
206,"Samoa","Fishing contribution to GDP - VAR Method","15-5",0.74,"Aquaculture","VAR","2021","Proportion"
207,"Samoa","Fishing contribution to GDP - VAR Method","15-5",46400000,"Coastal commercial","Value added","2021","ST$"
208,"Samoa","Fishing contribution to GDP - VAR Method","15-5",36000000,"Coastal subsistence","Value added","2021","ST$"
209,"Samoa","Fishing contribution to GDP - VAR Method","15-5",2008500,"Offshore Locally Based","Value added","2021","ST$"
210,"Samoa","Fishing contribution to GDP - VAR Method","15-5",66150,"Freshwater","Value added","2021","ST$"
211,"Samoa","Fishing contribution to GDP - VAR Method","15-5",79550,"Aquaculture","Value added","2021","ST$"
212,"Solomon_Islands","Fishing contribution to GDP - VAR Method","16-9",80000000,"Coastal commercial","Value (SI$) (from Table 16-5)","2021","SI$"
213,"Solomon_Islands","Fishing contribution to GDP - VAR Method","16-9",325000000,"Coastal subsistence","Value (SI$) (from Table 16-5)","2021","SI$"
214,"Solomon_Islands","Fishing contribution to GDP - VAR Method","16-9",499818788,"Purse seine","Value (SI$) (from Table 16-5)","2021","SI$"
215,"Solomon_Islands","Fishing contribution to GDP - VAR Method","16-9",15354912,"Pole-and-line","Value (SI$) (from Table 16-5)","2021","SI$"
216,"Solomon_Islands","Fishing contribution to GDP - VAR Method","16-9",34000000,"Freshwater","Value (SI$) (from Table 16-5)","2021","SI$"
217,"Solomon_Islands","Fishing contribution to GDP - VAR Method","16-9",15750000,"Aquaculture","Value (SI$) (from Table 16-5)","2021","SI$"
218,"Solomon_Islands","Fishing contribution to GDP - VAR Method","16-9",0.75,"Coastal commercial","VAR","2021","Proportion"
219,"Solomon_Islands","Fishing contribution to GDP - VAR Method","16-9",0.9,"Coastal subsistence","VAR","2021","Proportion"
220,"Solomon_Islands","Fishing contribution to GDP - VAR Method","16-9",0.5,"Purse seine","VAR","2021","Proportion"
221,"Solomon_Islands","Fishing contribution to GDP - VAR Method","16-9",0.6,"Pole-and-line","VAR","2021","Proportion"
222,"Solomon_Islands","Fishing contribution to GDP - VAR Method","16-9",0.92,"Freshwater","VAR","2021","Proportion"
223,"Solomon_Islands","Fishing contribution to GDP - VAR Method","16-9",0.73,"Aquaculture","VAR","2021","Proportion"
224,"Solomon_Islands","Fishing contribution to GDP - VAR Method","16-9",60000000,"Coastal commercial","Value added","2021","SI$"
225,"Solomon_Islands","Fishing contribution to GDP - VAR Method","16-9",292500000,"Coastal subsistence","Value added","2021","SI$"
226,"Solomon_Islands","Fishing contribution to GDP - VAR Method","16-9",249909394,"Purse seine","Value added","2021","SI$"
227,"Solomon_Islands","Fishing contribution to GDP - VAR Method","16-9",9212947,"Pole-and-line","Value added","2021","SI$"
228,"Solomon_Islands","Fishing contribution to GDP - VAR Method","16-9",31280000,"Freshwater","Value added","2021","SI$"
229,"Solomon_Islands","Fishing contribution to GDP - VAR Method","16-9",11497500,"Aquaculture","Value added","2021","SI$"
230,"Tokelau","Fishing contribution to GDP - VAR Method","26-7",0,"Coastal commercial","Gross Value of Production","2021","NZ$"
231,"Tokelau","Fishing contribution to GDP - VAR Method","26-7",1050000,"Coastal subsistence","Gross Value of Production","2021","NZ$"
232,"Tokelau","Fishing contribution to GDP - VAR Method","26-7",0,"Offshore Locally Based","Gross Value of Production","2021","NZ$"
233,"Tokelau","Fishing contribution to GDP - VAR Method","26-7",0,"Freshwater","Gross Value of Production","2021","NZ$"
234,"Tokelau","Fishing contribution to GDP - VAR Method","26-7",0,"Aquaculture","Gross Value of Production","2021","NZ$"
235,"Tokelau","Fishing contribution to GDP - VAR Method","26-7",0,"Coastal commercial","VAR","2021","Proportion"
236,"Tokelau","Fishing contribution to GDP - VAR Method","26-7",0.8,"Coastal subsistence","VAR","2021","Proportion"
237,"Tokelau","Fishing contribution to GDP - VAR Method","26-7",0,"Offshore Locally Based","VAR","2021","Proportion"
238,"Tokelau","Fishing contribution to GDP - VAR Method","26-7",0,"Freshwater","VAR","2021","Proportion"
239,"Tokelau","Fishing contribution to GDP - VAR Method","26-7",0,"Aquaculture","VAR","2021","Proportion"
240,"Tokelau","Fishing contribution to GDP - VAR Method","26-7",0,"Coastal commercial","Value added","2021","NZ$"
241,"Tokelau","Fishing contribution to GDP - VAR Method","26-7",840000,"Coastal subsistence","Value added","2021","NZ$"
242,"Tokelau","Fishing contribution to GDP - VAR Method","26-7",0,"Offshore Locally Based","Value added","2021","NZ$"
243,"Tokelau","Fishing contribution to GDP - VAR Method","26-7",0,"Freshwater","Value added","2021","NZ$"
244,"Tokelau","Fishing contribution to GDP - VAR Method","26-7",0,"Aquaculture","Value added","2021","NZ$"
245,"Tonga","Fishing contribution to GDP - VAR Method","17-6",33200000,"Coastal commercial","Gross Value of Production","2021","T$"
246,"Tonga","Fishing contribution to GDP - VAR Method","17-6",23300000,"Coastal subsistence","Gross Value of Production","2021","T$"
247,"Tonga","Fishing contribution to GDP - VAR Method","17-6",3400000,"Offshore Locally Based","Gross Value of Production","2021","T$"
248,"Tonga","Fishing contribution to GDP - VAR Method","17-6",6650,"Freshwater","Gross Value of Production","2021","T$"
249,"Tonga","Fishing contribution to GDP - VAR Method","17-6",1000000,"Aquaculture","Gross Value of Production","2021","T$"
250,"Tonga","Fishing contribution to GDP - VAR Method","17-6",0.6,"Coastal commercial","VAR","2021","Proportion"
251,"Tonga","Fishing contribution to GDP - VAR Method","17-6",0.75,"Coastal subsistence","VAR","2021","Proportion"
252,"Tonga","Fishing contribution to GDP - VAR Method","17-6",0.2,"Offshore Locally Based","VAR","2021","Proportion"
253,"Tonga","Fishing contribution to GDP - VAR Method","17-6",0.95,"Freshwater","VAR","2021","Proportion"
254,"Tonga","Fishing contribution to GDP - VAR Method","17-6",0.55,"Aquaculture","VAR","2021","Proportion"
255,"Tonga","Fishing contribution to GDP - VAR Method","17-6",19920000,"Coastal commercial","Value added","2021","T$"
256,"Tonga","Fishing contribution to GDP - VAR Method","17-6",17475000,"Coastal subsistence","Value added","2021","T$"
257,"Tonga","Fishing contribution to GDP - VAR Method","17-6",680000,"Offshore Locally Based","Value added","2021","T$"
258,"Tonga","Fishing contribution to GDP - VAR Method","17-6",6318,"Freshwater","Value added","2021","T$"
259,"Tonga","Fishing contribution to GDP - VAR Method","17-6",550000,"Aquaculture","Value added","2021","T$"
260,"Tuvalu","Fishing contribution to GDP - VAR Method","18-5",1575000,"Coastal commercial","Gross Value of Production","2021","A$"
261,"Tuvalu","Fishing contribution to GDP - VAR Method","18-5",2817500,"Coastal subsistence","Gross Value of Production","2021","A$"
262,"Tuvalu","Fishing contribution to GDP - VAR Method","18-5",0,"Offshore Locally Based","Gross Value of Production","2021","A$"
263,"Tuvalu","Fishing contribution to GDP - VAR Method","18-5",2000,"Freshwater","Gross Value of Production","2021","A$"
264,"Tuvalu","Fishing contribution to GDP - VAR Method","18-5",0,"Aquaculture","Gross Value of Production","2021","A$"
265,"Tuvalu","Fishing contribution to GDP - VAR Method","18-5",0.7,"Coastal commercial","VAR","2021","Proportion"
266,"Tuvalu","Fishing contribution to GDP - VAR Method","18-5",0.85,"Coastal subsistence","VAR","2021","Proportion"
267,"Tuvalu","Fishing contribution to GDP - VAR Method","18-5",0.92,"Freshwater","VAR","2021","Proportion"
268,"Tuvalu","Fishing contribution to GDP - VAR Method","18-5",1102500,"Coastal commercial","Value added","2021","A$"
269,"Tuvalu","Fishing contribution to GDP - VAR Method","18-5",2394875,"Coastal subsistence","Value added","2021","A$"
270,"Tuvalu","Fishing contribution to GDP - VAR Method","18-5",0,"Offshore Locally Based","Value added","2021","A$"
271,"Tuvalu","Fishing contribution to GDP - VAR Method","18-5",1840,"Freshwater","Value added","2021","A$"
272,"Tuvalu","Fishing contribution to GDP - VAR Method","18-5",0,"Aquaculture","Value added","2021","A$"
273,"Vanuatu","Fishing contribution to GDP - VAR Method","19-4",780000000,"Coastal commercial","Gross Value of Production","2021","VT"
274,"Vanuatu","Fishing contribution to GDP - VAR Method","19-4",1085000000,"Coastal subsistence","Gross Value of Production","2021","VT"
275,"Vanuatu","Fishing contribution to GDP - VAR Method","19-4",256000000,"Offshore Locally Based","Gross Value of Production","2021","VT"
276,"Vanuatu","Fishing contribution to GDP - VAR Method","19-4",33300000,"Freshwater","Gross Value of Production","2021","VT"
277,"Vanuatu","Fishing contribution to GDP - VAR Method","19-4",5200000,"Aquaculture","Gross Value of Production","2021","VT"
278,"Vanuatu","Fishing contribution to GDP - VAR Method","19-4",0.7,"Coastal commercial","VAR","2021","Proportion"
279,"Vanuatu","Fishing contribution to GDP - VAR Method","19-4",0.9,"Coastal subsistence","VAR","2021","Proportion"
280,"Vanuatu","Fishing contribution to GDP - VAR Method","19-4",0.2,"Offshore Locally Based","VAR","2021","Proportion"
281,"Vanuatu","Fishing contribution to GDP - VAR Method","19-4",0.9,"Freshwater","VAR","2021","Proportion"
282,"Vanuatu","Fishing contribution to GDP - VAR Method","19-4",0.55,"Aquaculture","VAR","2021","Proportion"
283,"Vanuatu","Fishing contribution to GDP - VAR Method","19-4",546000000,"Coastal commercial","Value added","2021","VT"
284,"Vanuatu","Fishing contribution to GDP - VAR Method","19-4",976500000,"Coastal subsistence","Value added","2021","VT"
285,"Vanuatu","Fishing contribution to GDP - VAR Method","19-4",51200000,"Offshore Locally Based","Value added","2021","VT"
286,"Vanuatu","Fishing contribution to GDP - VAR Method","19-4",29970000,"Freshwater","Value added","2021","VT"
287,"Vanuatu","Fishing contribution to GDP - VAR Method","19-4",2860000,"Aquaculture","Value added","2021","VT"
288,"Wallis_and_Futuna","Fishing contribution to GDP - VAR Method","27-6",48000000,"Coastal commercial","Gross Value of Production","2021","XPF"
289,"Wallis_and_Futuna","Fishing contribution to GDP - VAR Method","27-6",177400000,"Coastal subsistence","Gross Value of Production","2021","XPF"
290,"Wallis_and_Futuna","Fishing contribution to GDP - VAR Method","27-6",0,"Offshore Locally Based","Gross Value of Production","2021","XPF"
291,"Wallis_and_Futuna","Fishing contribution to GDP - VAR Method","27-6",200000,"Freshwater","Gross Value of Production","2021","XPF"
292,"Wallis_and_Futuna","Fishing contribution to GDP - VAR Method","27-6",0,"Aquaculture","Gross Value of Production","2021","XPF"
293,"Wallis_and_Futuna","Fishing contribution to GDP - VAR Method","27-6",0.65,"Coastal commercial","VAR","2021","Proportion"
294,"Wallis_and_Futuna","Fishing contribution to GDP - VAR Method","27-6",0.8,"Coastal subsistence","VAR","2021","Proportion"
295,"Wallis_and_Futuna","Fishing contribution to GDP - VAR Method","27-6",0,"Offshore Locally Based","VAR","2021","Proportion"
296,"Wallis_and_Futuna","Fishing contribution to GDP - VAR Method","27-6",0.9,"Freshwater","VAR","2021","Proportion"
297,"Wallis_and_Futuna","Fishing contribution to GDP - VAR Method","27-6",0,"Aquaculture","VAR","2021","Proportion"
298,"Wallis_and_Futuna","Fishing contribution to GDP - VAR Method","27-6",31200000,"Coastal commercial","Value added","2021","XPF"
299,"Wallis_and_Futuna","Fishing contribution to GDP - VAR Method","27-6",141920000,"Coastal subsistence","Value added","2021","XPF"
300,"Wallis_and_Futuna","Fishing contribution to GDP - VAR Method","27-6",0,"Offshore Locally Based","Value added","2021","XPF"
301,"Wallis_and_Futuna","Fishing contribution to GDP - VAR Method","27-6",180000,"Freshwater","Value added","2021","XPF"
302,"Wallis_and_Futuna","Fishing contribution to GDP - VAR Method","27-6",0,"Aquaculture","Value added","2021","XPF"
