"Measure","variable","value"
"Catches by Method","Method","Long Liners"
"Catches by Method","Method","Longline"
"Catches by Method","Method","Purse seine"
"Catches by Method","Method","Small Scale Trolling"
"Catches by Method","Method","Longline "
"Catches by Method","Method","Purse seine "
"Catches by Method","Species","Albacore,  NPO (t)"
"Catches by Method","Species","Albacore,  SPO (t)"
"Catches by Method","Species","Bigeye  tuna (t)"
"Catches by Method","Species","Number of vessels"
"Catches by Method","Species","Pacific bluefin tuna (t)"
"Catches by Method","Species","Skipjack tuna (t)"
"Catches by Method","Species","Yellowfin tuna (t)"
"Catches by Method","Species","Effort"
"Catches by Method","Species","Albacore"
"Catches by Method","Species","Bigeye"
"Catches by Method","Species","Yellowfin"
"Catches by Method","Species","Skipjack"
"Catches by Method","Species","Other"
"Catches by Method","Species","Bigeye tuna"
"Catches by Method","Species","Yellowfin tuna"
"Catches by Method","Species","Black marlin"
"Catches by Method","Species","Blue marlin"
"Catches by Method","Species","Striped marlin"
"Catches by Method","Species","Swordfish"
"Catches by Method","Species","Blue shark"
"Catches by Method","Species","Pacific bluefin"
"Catches by Method","Species","Tuna and bycatch volume (t)"
"Catches by Method","Species","Tuna and bycatch value (in-zone, F$ millions)"
"Catches by Method","Species","Dolphinfish"
"Catches by Method","Species","Billfish"
"Catches by Method","Species","Wahoo"
"Catches by Method","Year","2021"
"Catches by Method","Year","2020"
"Catches by Method","Year","2019"
"Catches by Method","Year","2018"
"Catches by Method","Year","2017"
"Catches by Method","Year","2016"
"Catches by Method","Unit","Tonnes"
"Catches by Method","Unit","Hooks"
"Catches by Method","Unit","Days"
"Catches by Method","Unit","Hours"
"Domestic Fish Consumption","Dimension","Location"
"Domestic Fish Consumption","Dimension","Type of fish consumed"
"Domestic Fish Consumption","Dimension_Value","Dromuna"
"Domestic Fish Consumption","Dimension_Value","Muaivuso"
"Domestic Fish Consumption","Dimension_Value","Mali"
"Domestic Fish Consumption","Dimension_Value","Lakeba"
"Domestic Fish Consumption","Dimension_Value","LOCAL: Reef fish (trevally, parrot, emperor, snapper, surgeon etc.;  fresh or frozen)"
"Domestic Fish Consumption","Dimension_Value","LOCAL: Pelagic fish and bottom fish (tuna, wahoo, mahi mahi, shark, snapper etc.; locally produced caught)"
"Domestic Fish Consumption","Dimension_Value","LOCAL: Other seafood (e.g. dried or smoked fish; locally produced)"
"Domestic Fish Consumption","Dimension_Value","LOCAL: Invertebrates (crabs, octopus, clams etc.; locally produced)"
"Domestic Fish Consumption","Dimension_Value","IMPORTED: Canned/tinned fish (tuna, mackerel, sardine etc.; imported)"
"Domestic Fish Consumption","Dimension_Value","IMPORTED: Frozen seafood (frozen fish, frozen seafood; produced overseas)"
"Domestic Fish Consumption","Dimension_Value","Pelagic fish"
"Domestic Fish Consumption","Dimension_Value","Reef fish"
"Domestic Fish Consumption","Dimension_Value","Canned fish"
"Domestic Fish Consumption","Dimension_Value","Shellfish"
"Domestic Fish Consumption","Dimension_Value","Mixed fresh/frozen fish"
"Domestic Fish Consumption","Dimension_Value","Other fish"
"Domestic Fish Consumption","Dimension_Value","Lagoon fish"
"Domestic Fish Consumption","Dimension_Value","Shrimp"
"Domestic Fish Consumption","Dimension_Value","Coconut crab"
"Domestic Fish Consumption","Dimension_Value","Mussels"
"Domestic Fish Consumption","Dimension_Value","Tuna (fresh, frozen)"
"Domestic Fish Consumption","Dimension_Value","Preparations of fish"
"Domestic Fish Consumption","Dimension_Value","Trochus"
"Domestic Fish Consumption","Dimension_Value","Lobster"
"Domestic Fish Consumption","Dimension_Value","Marine crabs"
"Domestic Fish Consumption","Dimension_Value","Cooked mussels"
"Domestic Fish Consumption","Metric","Fresh fish consumption "
"Domestic Fish Consumption","Metric","Invertebrate consumption"
"Domestic Fish Consumption","Metric","Canned fish consumption"
"Domestic Fish Consumption","Metric","Number of households reported eating the fish"
"Domestic Fish Consumption","Metric","National"
"Domestic Fish Consumption","Metric","Rural"
"Domestic Fish Consumption","Metric","Urban"
"Domestic Fish Consumption","Metric","Local"
"Domestic Fish Consumption","Metric","Imported"
"Domestic Fish Consumption","Year","2021"
"Domestic Fish Consumption","Unit","Kgs per capital per annum"
"Domestic Fish Consumption","Unit","Number of Households"
"Domestic Fish Consumption","Unit","Mean daily grams per capita"
"Domestic Fish Consumption","Unit","Percentage of households that reported consuming"
"Estimates by the Benefish studies of annual fisheries harvests","Harvest_Sector","Coastal commercial"
"Estimates by the Benefish studies of annual fisheries harvests","Harvest_Sector","Coastal subsistence"
"Estimates by the Benefish studies of annual fisheries harvests","Harvest_Sector","Offshore locally based"
"Estimates by the Benefish studies of annual fisheries harvests","Harvest_Sector","Offshore foreign-based"
"Estimates by the Benefish studies of annual fisheries harvests","Harvest_Sector","Freshwater"
"Estimates by the Benefish studies of annual fisheries harvests","Harvest_Sector","Aquaculture"
"Estimates by the Benefish studies of annual fisheries harvests","Harvest_Sector","Coastal  subsistence"
"Estimates by the Benefish studies of annual fisheries harvests","Harvest_Sector","Purse seine volume"
"Estimates by the Benefish studies of annual fisheries harvests","Harvest_Sector","Longline volume corrected for bycatch"
"Estimates by the Benefish studies of annual fisheries harvests","Harvest_Sector","Pole and line volume"
"Estimates by the Benefish studies of annual fisheries harvests","Harvest_Sector","Trolling volume"
"Estimates by the Benefish studies of annual fisheries harvests","Harvest_Sector","Other gear volume"
"Estimates by the Benefish studies of annual fisheries harvests","Year","2007"
"Estimates by the Benefish studies of annual fisheries harvests","Year","2014"
"Estimates by the Benefish studies of annual fisheries harvests","Year","2021"
"Estimates by the Benefish studies of annual fisheries harvests","Year","1999"
"Estimates by the Benefish studies of annual fisheries harvests","Year","2018"
"Estimates by the Benefish studies of annual fisheries harvests","Year","2019"
"Estimates by the Benefish studies of annual fisheries harvests","Year","2020"
"Estimates by the Benefish studies of annual fisheries harvests","Unit","Tonnes"
"Estimates by the Benefish studies of annual fisheries harvests","Unit","US$"
"Estimates by the Benefish studies of annual fisheries harvests","Unit","NZ$"
"Estimates by the Benefish studies of annual fisheries harvests","Unit","Pieces"
"Estimates by the Benefish studies of annual fisheries harvests","Unit","F$"
"Estimates by the Benefish studies of annual fisheries harvests","Unit","XPF"
"Estimates by the Benefish studies of annual fisheries harvests","Unit","A$"
"Estimates by the Benefish studies of annual fisheries harvests","Unit","K"
"Estimates by the Benefish studies of annual fisheries harvests","Unit","ST$"
"Estimates by the Benefish studies of annual fisheries harvests","Unit","SI$"
"Estimates by the Benefish studies of annual fisheries harvests","Unit","T$"
"Estimates by the Benefish studies of annual fisheries harvests","Unit","VT"
"Fish Exports","Dimension","Aggregate Commodity"
"Fish Exports","Dimension_Value","Fish meal"
"Fish Exports","Dimension_Value","Canned tuna"
"Fish Exports","Dimension_Value","Pet food"
"Fish Exports","Dimension_Value","Other domestic exports"
"Fish Exports","Dimension_Value","Total domestic exports"
"Fish Exports","Dimension_Value","Live fish"
"Fish Exports","Dimension_Value","Fresh or  chilled fish"
"Fish Exports","Dimension_Value","Pearls"
"Fish Exports","Dimension_Value","Pearl shell"
"Fish Exports","Dimension_Value","Total fisheries exports"
"Fish Exports","Dimension_Value","Total exports"
"Fish Exports","Dimension_Value","Fisheries as a % of total exports"
"Fish Exports","Dimension_Value","Purse seine fish"
"Fish Exports","Dimension_Value","Reef fish"
"Fish Exports","Dimension_Value","Crab/lobsters"
"Fish Exports","Dimension_Value","Trochus shell"
"Fish Exports","Dimension_Value","Live clams"
"Fish Exports","Dimension_Value","Other marine products"
"Fish Exports","Dimension_Value","Total marine products"
"Fish Exports","Dimension_Value","Total exports of FSM"
"Fish Exports","Dimension_Value","HS 03 exports"
"Fish Exports","Dimension_Value","HS 03 as % of total exports"
"Fish Exports","Dimension_Value","Pelagic fish"
"Fish Exports","Dimension_Value","Whole chilled"
"Fish Exports","Dimension_Value","Whole frozen"
"Fish Exports","Dimension_Value","Chilled fillets"
"Fish Exports","Dimension_Value","Frozen fillets"
"Fish Exports","Dimension_Value","Molluscs, crustaceans, and other invertebrates"
"Fish Exports","Dimension_Value","Molluscs"
"Fish Exports","Dimension_Value","Other invertebrates"
"Fish Exports","Dimension_Value","Crustaceans"
"Fish Exports","Dimension_Value","Shells"
"Fish Exports","Dimension_Value","Fish"
"Fish Exports","Dimension_Value","Seaweed"
"Fish Exports","Dimension_Value","Total fishery exports"
"Fish Exports","Dimension_Value","Total direct exports"
"Fish Exports","Dimension_Value","Live aquarium fish"
"Fish Exports","Dimension_Value","Invertebrates"
"Fish Exports","Dimension_Value","Giant clams"
"Fish Exports","Dimension_Value","Corals"
"Fish Exports","Dimension_Value","Exports of goods"
"Fish Exports","Dimension_Value","Exports of fish"
"Fish Exports","Dimension_Value","Fishery and aquaculture products"
"Fish Exports","Dimension_Value","Tuna"
"Fish Exports","Dimension_Value","Shrimp"
"Fish Exports","Dimension_Value","Trochus shells"
"Fish Exports","Dimension_Value","Other fisheries/aquaculture"
"Fish Exports","Dimension_Value","Sea cucumber"
"Fish Exports","Dimension_Value","Commercial"
"Fish Exports","Dimension_Value","Non-commercial"
"Fish Exports","Dimension_Value","Beche-de-mer"
"Fish Exports","Dimension_Value","Crab"
"Fish Exports","Dimension_Value","Fish (frozen, live, dried maw)"
"Fish Exports","Dimension_Value","Lobster (frozen, live)"
"Fish Exports","Dimension_Value","Shark (dried shark fin)"
"Fish Exports","Dimension_Value","Shell (whole, dried)"
"Fish Exports","Dimension_Value","Shrimps (frozen)"
"Fish Exports","Dimension_Value","Stingray"
"Fish Exports","Dimension_Value","Non-tuna sub-total"
"Fish Exports","Dimension_Value","Tuna (canned)"
"Fish Exports","Dimension_Value","Tuna (dried meal)"
"Fish Exports","Dimension_Value","Tuna (fresh chilled)"
"Fish Exports","Dimension_Value","Tuna (frozen flakes)"
"Fish Exports","Dimension_Value","Tuna (frozen G & G)"
"Fish Exports","Dimension_Value","Tuna (frozen loins)"
"Fish Exports","Dimension_Value","Tuna (frozen whole round)"
"Fish Exports","Dimension_Value","Tuna (fish oil)"
"Fish Exports","Dimension_Value","Tuna sub-total"
"Fish Exports","Dimension_Value","Fish, crustaceans and molluscs"
"Fish Exports","Dimension_Value","All Samoa exports"
"Fish Exports","Dimension_Value","Non-pelagic"
"Fish Exports","Dimension_Value","Pelagic"
"Fish Exports","Dimension_Value","Fish exports"
"Fish Exports","Dimension_Value","Pieces (no.)"
"Fish Exports","Dimension_Value","Volume (kg)"
"Fish Exports","Dimension_Value","Total value (SI$)"
"Fish Exports","Dimension_Value","of which: Yellowfin tunas (fresh or chilled)"
"Fish Exports","Dimension_Value","Bigeye tuna (fresh or chilled)"
"Fish Exports","Dimension_Value","Other fish fresh or chilled"
"Fish Exports","Dimension_Value","Crustaceans and molluscs and other invertebrates"
"Fish Exports","Dimension_Value","Seaweeds and other algae"
"Fish Exports","Dimension_Value","All fish, invertebrates and seaweed"
"Fish Exports","Dimension_Value","Total Tonga exports"
"Fish Exports","Dimension_Value","Total fisheries"
"Fish Exports","Year","2015"
"Fish Exports","Year","2016"
"Fish Exports","Year","2017"
"Fish Exports","Year","2018"
"Fish Exports","Year","2019"
"Fish Exports","Year","2013"
"Fish Exports","Year","2014"
"Fish Exports","Year","2020"
"Fish Exports","Year","2021"
"Fish Exports","Unit","US$"
"Fish Exports","Unit","NZ$"
"Fish Exports","Unit","Proportion"
"Fish Exports","Unit","kg"
"Fish Exports","Unit","F$"
"Fish Exports","Unit","XPF"
"Fish Exports","Unit","A$"
"Fish Exports","Unit","Pieces"
"Fish Exports","Unit","Tonnes"
"Fish Exports","Unit","Pounds"
"Fish Exports","Unit","K"
"Fish Exports","Unit","ST$"
"Fish Exports","Unit","SI$"
"Fish Exports","Unit","KGs"
"Fish Exports","Unit","T$"
"Fish Exports","Unit","VT"
"Fisheries Revenue","Revenue_Source","Fisheries U.S. Treaty"
"Fisheries Revenue","Revenue_Source","Fishing licenses"
"Fisheries Revenue","Revenue_Source","Fishing fines"
"Fisheries Revenue","Revenue_Source","VDS revenue"
"Fisheries Revenue","Revenue_Source","Fishing rights"
"Fisheries Revenue","Revenue_Source","Licensing/registration"
"Fisheries Revenue","Revenue_Source","Observer fees"
"Fisheries Revenue","Revenue_Source","Transshipment fees"
"Fisheries Revenue","Revenue_Source","Fishing violations"
"Fisheries Revenue","Revenue_Source","Boat charter fees"
"Fisheries Revenue","Revenue_Source","Other"
"Fisheries Revenue","Revenue_Source","1055 - Support  vessel charges"
"Fisheries Revenue","Revenue_Source","1071 - Purse seine  revenue - licensing"
"Fisheries Revenue","Revenue_Source","1072 - Purse seine  revenue - fishing days"
"Fisheries Revenue","Revenue_Source","Percent fisheries revenue  of total government revenue"
"Fisheries Revenue","Revenue_Source","Fisheries revenue (NZ$)"
"Fisheries Revenue","Revenue_Source","Total government  revenue (NZ$)"
"Fisheries Revenue","Revenue_Source","Fees from longlining"
"Fisheries Revenue","Revenue_Source","Fees from purse seining"
"Fisheries Revenue","Revenue_Source","Total fees"
"Fisheries Revenue","Revenue_Source","Total government revenue (for FY)"
"Fisheries Revenue","Revenue_Source","Fisheries license fees (overseas)"
"Fisheries Revenue","Revenue_Source","Fisheries license fees (local)"
"Fisheries Revenue","Revenue_Source","FFA receipts"
"Fisheries Revenue","Revenue_Source","PNA (FSM) fishing licence fees"
"Fisheries Revenue","Revenue_Source","Export permit fees"
"Fisheries Revenue","Revenue_Source","Fish processing licence fees"
"Fisheries Revenue","Revenue_Source","Port entry fees"
"Fisheries Revenue","Revenue_Source","Fish and miscellaneous sales"
"Fisheries Revenue","Revenue_Source","Transshipment levies"
"Fisheries Revenue","Revenue_Source","Observer and services fees"
"Fisheries Revenue","Revenue_Source","Fisheries Revenue"
"Fisheries Revenue","Year","2019"
"Fisheries Revenue","Year","2020"
"Fisheries Revenue","Year","2021"
"Fisheries Revenue","Year","2018"
"Fisheries Revenue","Year","2022"
"Fisheries Revenue","Year","2015"
"Fisheries Revenue","Year","2016"
"Fisheries Revenue","Year","2017"
"Fisheries Revenue","Year","2011"
"Fisheries Revenue","Year","2012"
"Fisheries Revenue","Year","2013"
"Fisheries Revenue","Year","2014"
"Fisheries Revenue","Unit","NZ$"
"Fisheries Revenue","Unit","US$"
"Fisheries Revenue","Unit","A$"
"Fisheries Revenue","Unit","SI$"
"Fishing contribution to GDP","Harvest_Sector","Fishing (including pearls)"
"Fishing contribution to GDP","Harvest_Sector","Fisheries contribution to GDP"
"Fishing contribution to GDP","Harvest_Sector","Fishing & aquaculture"
"Fishing contribution to GDP","Harvest_Sector","Fiji GDP"
"Fishing contribution to GDP","Harvest_Sector","Informal sector fishing for cash sales"
"Fishing contribution to GDP","Harvest_Sector","Seaweed growers"
"Fishing contribution to GDP","Harvest_Sector","Informal sector fishing for subsistence"
"Fishing contribution to GDP","Harvest_Sector","Formal sector fishing"
"Fishing contribution to GDP","Harvest_Sector","Total fishing contribution"
"Fishing contribution to GDP","Harvest_Sector","Kiribati GDP at market prices"
"Fishing contribution to GDP","Harvest_Sector","Fishing contribution"
"Fishing contribution to GDP","Harvest_Sector","Fishing contribution to GDP  (millions of A$)"
"Fishing contribution to GDP","Harvest_Sector","Fishing contribution to GDP"
"Fishing contribution to GDP","Harvest_Sector","Gross output fishing"
"Fishing contribution to GDP","Harvest_Sector","Value added fishing"
"Fishing contribution to GDP","Harvest_Sector","Formal fishing"
"Fishing contribution to GDP","Harvest_Sector","Informal fishing"
"Fishing contribution to GDP","Harvest_Sector","PNG GDP"
"Fishing contribution to GDP","Harvest_Sector","Value added fishing as % of PNG GDP"
"Fishing contribution to GDP","Harvest_Sector","Gross output of agriculture and fishing"
"Fishing contribution to GDP","Harvest_Sector","Intermediate consumption of  agriculture and fishing"
"Fishing contribution to GDP","Harvest_Sector","Value added of agriculture and fishing"
"Fishing contribution to GDP","Harvest_Sector","Fishing contribution (VT millions)"
"Fishing contribution to GDP","Year","2017"
"Fishing contribution to GDP","Year","2018"
"Fishing contribution to GDP","Year","2019"
"Fishing contribution to GDP","Year","2020"
"Fishing contribution to GDP","Year","2021"
"Fishing contribution to GDP","Year",NA
"Fishing contribution to GDP","Year","2016"
"Fishing contribution to GDP","Year","20201"
"Fishing contribution to GDP","Year","20212"
"Fishing contribution to GDP","Year","2013"
"Fishing contribution to GDP","Year","2014"
"Fishing contribution to GDP","Year","2015"
"Fishing contribution to GDP","Unit","NZ$"
"Fishing contribution to GDP","Unit","US$"
"Fishing contribution to GDP","Unit","F$"
"Fishing contribution to GDP","Unit","A$"
"Fishing contribution to GDP","Unit","K"
"Fishing contribution to GDP","Unit","SI$"
"Fishing contribution to GDP","Unit","VT"
"Fishing contribution to GDP - VAR Method","Harvest_Sector","Coastal commercial"
"Fishing contribution to GDP - VAR Method","Harvest_Sector","Coastal subsistence"
"Fishing contribution to GDP - VAR Method","Harvest_Sector","Offshore locally Based"
"Fishing contribution to GDP - VAR Method","Harvest_Sector","Freshwater"
"Fishing contribution to GDP - VAR Method","Harvest_Sector","Aquaculture"
"Fishing contribution to GDP - VAR Method","Harvest_Sector","Offshore locally based"
"Fishing contribution to GDP - VAR Method","Harvest_Sector","Offshore locally based resident vessels (i.e. DS and CFC)"
"Fishing contribution to GDP - VAR Method","Harvest_Sector","Pearls"
"Fishing contribution to GDP - VAR Method","Harvest_Sector","Other aquaculture"
"Fishing contribution to GDP - VAR Method","Harvest_Sector","Offshore Locally based [1]"
"Fishing contribution to GDP - VAR Method","Harvest_Sector","Purse seine"
"Fishing contribution to GDP - VAR Method","Harvest_Sector","Pole-and-line"
"Fishing contribution to GDP - VAR Method","GDP_Dimension","Gross value of production"
"Fishing contribution to GDP - VAR Method","GDP_Dimension","VAR"
"Fishing contribution to GDP - VAR Method","GDP_Dimension","Value added (US$)"
"Fishing contribution to GDP - VAR Method","GDP_Dimension","Value added"
"Fishing contribution to GDP - VAR Method","GDP_Dimension","Gross value of production (US$)"
"Fishing contribution to GDP - VAR Method","GDP_Dimension","Value added(F$)"
"Fishing contribution to GDP - VAR Method","GDP_Dimension","Gross value  of production (A$)"
"Fishing contribution to GDP - VAR Method","GDP_Dimension","Value added (A$)"
"Fishing contribution to GDP - VAR Method","GDP_Dimension","Value added (NZ$)"
"Fishing contribution to GDP - VAR Method","GDP_Dimension",NA
"Fishing contribution to GDP - VAR Method","GDP_Dimension","Value added (K)"
"Fishing contribution to GDP - VAR Method","GDP_Dimension","Value added (ST$)"
"Fishing contribution to GDP - VAR Method","GDP_Dimension","Value (SI$)  (from Table 16-5)"
"Fishing contribution to GDP - VAR Method","GDP_Dimension","Gross value of production ($T)"
"Fishing contribution to GDP - VAR Method","GDP_Dimension","Value added ($T)"
"Fishing contribution to GDP - VAR Method","GDP_Dimension","Gross value of production (VT, from Table 19-1)"
"Fishing contribution to GDP - VAR Method","GDP_Dimension","Value added (VT)"
"Fishing contribution to GDP - VAR Method","GDP_Dimension","Value added (XPF)"
"Fishing contribution to GDP - VAR Method","Year","2021"
"Fishing contribution to GDP - VAR Method","Unit","US$"
"Fishing contribution to GDP - VAR Method","Unit","Proportion"
"Fishing contribution to GDP - VAR Method","Unit","NZ$"
"Fishing contribution to GDP - VAR Method","Unit","F$"
"Fishing contribution to GDP - VAR Method","Unit","XPF"
"Fishing contribution to GDP - VAR Method","Unit","A$"
"Fishing contribution to GDP - VAR Method","Unit","K"
"Fishing contribution to GDP - VAR Method","Unit","ST$"
"Fishing contribution to GDP - VAR Method","Unit","SI$"
"Fishing contribution to GDP - VAR Method","Unit","T$"
"Fishing contribution to GDP - VAR Method","Unit","VT"
"Fishing Employment","Dimension","Employed"
"Fishing Employment","Dimension_Value","Number of People Employed"
"Fishing Employment","Dimension_Value","Male"
"Fishing Employment","Dimension_Value","Female"
"Fishing Employment","Dimension_Value","Province des Iles Loyaute"
"Fishing Employment","Dimension_Value","Province Nord"
"Fishing Employment","Dimension_Value","Province Sud"
"Fishing Employment","Year","2010"
"Fishing Employment","Year","2011"
"Fishing Employment","Year","2012"
"Fishing Employment","Year","2013"
"Fishing Employment","Year","2014"
"Fishing Employment","Year","2015"
"Fishing Employment","Year","2016"
"Fishing Employment","Year","2017"
"Fishing Employment","Year","2018"
"Fishing Employment","Year","2019"
"Fishing Employment","Year","2021"
"Fishing Employment","Year","FY 2017"
"Fishing Employment","Year","FY 2018"
"Fishing Employment","Year","FY 2019"
"Fishing Employment","Year","FY 2020"
"Fishing Employment","Year","FY 2021"
"Fishing Employment","Unit","Headcount"
"Number of households engaged in fishing","Location","Rarotonga"
"Number of households engaged in fishing","Location","Southern Islands"
"Number of households engaged in fishing","Location","Northern Islands"
"Number of households engaged in fishing","Location","Cook Islands"
"Number of households engaged in fishing","Location","% participation"
"Number of households engaged in fishing","Fish_Activity","Fishing in lagoon"
"Number of households engaged in fishing","Fish_Activity","Fishing  outside reef"
"Number of households engaged in fishing","Fish_Activity","Fish both inside  and outside"
"Number of households engaged in fishing","Fish_Activity","Aquaculture"
"Number of households engaged in fishing","Fish_Activity","Pearl farming"
"Number of households engaged in fishing","Year","2021"
"Number of households engaged in fishing","Unit","Number"
"Number of households engaged in fishing","Unit","Proportion"
"Price Measures","Dimension","Landed Price"
"Price Measures","Dimension_Value","Price per pound"
"Price Measures","Dimension_Value","Price per kg"
"Price Measures","Dimension_Value","Reef fish"
"Price Measures","Dimension_Value","Tuna (to local people)"
"Price Measures","Dimension_Value","Tuna (to Chinese restaurants)"
"Price Measures","Dimension_Value","All fish"
"Price Measures","Dimension_Value","Periwinkle"
"Price Measures","Dimension_Value","Crab"
"Price Measures","Dimension_Value","Lobster"
"Price Measures","Dimension_Value","Estimated commercial catch "
"Price Measures","Dimension_Value","Estimated commercial value "
"Price Measures","Dimension_Value","Price to fishers "
"Price Measures","Year","2016"
"Price Measures","Year","2017"
"Price Measures","Year","2018"
"Price Measures","Year","2019"
"Price Measures","Year","2020"
"Price Measures","Year","2021"
"Price Measures","Unit","US$"
"Price Measures","Unit","Per string"
"Price Measures","Unit","Per kg"
"Price Measures","Unit","Per 10 kg sack"
"Price Measures","Unit","Individual"
"Price Measures","Unit","pounds"
"Price Measures","Unit","US$/Pound"
"Value of production in 2021","Metric","Coastal commercial"
"Value of production in 2021","Metric","Coastal subsistence"
"Value of production in 2021","Metric","Offshore locally based"
"Value of production in 2021","Metric","Offshore foreign-based"
"Value of production in 2021","Metric","Freshwater"
"Value of production in 2021","Metric","Aquaculture"
"Value of production in 2021","Unit","US$"
"Value of production in 2021","PICT","FSM"
"Value of production in 2021","PICT","Fiji"
"Value of production in 2021","PICT","Kiribati"
"Value of production in 2021","PICT","Marshall Islands"
"Value of production in 2021","PICT","Cook Islands"
"Value of production in 2021","PICT","American Samoa"
"Value of production in 2021","PICT","French Polynesia"
"Value of production in 2021","PICT","Guam"
"Value of production in 2021","PICT","New Caledonia"
"Value of production in 2021","PICT","Nauru"
"Value of production in 2021","PICT","Niue"
"Value of production in 2021","PICT","Palau"
"Value of production in 2021","PICT","PNG"
"Value of production in 2021","PICT","Samoa"
"Value of production in 2021","PICT","Solomon Islands"
"Value of production in 2021","PICT","Tonga"
"Value of production in 2021","PICT","Tuvalu"
"Value of production in 2021","PICT","Vanuatu"
"Value of production in 2021","PICT","Wallis and Futuna"
"Value of production in 2021","PICT","Northern Mariana Islands"
"Value of production in 2021","PICT","Pitcairn "
"Value of production in 2021","PICT","Tokelau"
"Value of production in 2021","PICT","Total"
"Volume of fishery production by PICT","Metric","Coastal Commercial"
"Volume of fishery production by PICT","Metric","Coastal Subsistance"
"Volume of fishery production by PICT","Metric","Offshore Local"
"Volume of fishery production by PICT","Metric","Offshore Foreign"
"Volume of fishery production by PICT","Metric","Freshwater"
"Volume of fishery production by PICT","Unit","Tonnes"
"Volume of fishery production by PICT","PICT","Kiribati"
"Volume of fishery production by PICT","PICT","PNG"
"Volume of fishery production by PICT","PICT","Nauru"
"Volume of fishery production by PICT","PICT","FSM"
"Volume of fishery production by PICT","PICT","Solomon Islands"
"Volume of fishery production by PICT","PICT","Marshall Islands"
"Volume of fishery production by PICT","PICT","Tuvalu"
"Volume of fishery production by PICT","PICT","Fiji"
"Volume of fishery production by PICT","PICT","Tokelau"
"Volume of fishery production by PICT","PICT","Cook Islands"
"Volume of fishery production by PICT","PICT","Vanuatu"
"Volume of fishery production by PICT","PICT","French Polynesia"
"Volume of fishery production by PICT","PICT","Samoa"
"Volume of fishery production by PICT","PICT","Tonga"
"Volume of fishery production by PICT","PICT","Palau"
"Volume of fishery production by PICT","PICT","New"
"Volume of fishery production by PICT","PICT","Caledonia"
"Volume of fishery production by PICT","PICT","American Samoa"
"Volume of fishery production by PICT","PICT","Wallis and Futuna"
"Volume of fishery production by PICT","PICT","Niue"
"Volume of fishery production by PICT","PICT","Northern Mariana Is."
"Volume of fishery production by PICT","PICT","Guam"
"Volume of fishery production by PICT","PICT","Pitcairn"
"Volume of fishery production by PICT","Year","2007"
"Volume of fishery production by PICT","Year","2014"
"Volume of fishery production by PICT","Year","2021"
"Volume of production in 2021","Metric","Coastal commercial"
"Volume of production in 2021","Metric","Coastal subsistence"
"Volume of production in 2021","Metric","Offshore locally based"
"Volume of production in 2021","Metric","Offshore foreign-based"
"Volume of production in 2021","Metric","Freshwater"
"Volume of production in 2021","Metric","Aquaculture - Tonnes"
"Volume of production in 2021","Metric","Aquaculture - Pieces"
"Volume of production in 2021","Unit","Tonnes"
"Volume of production in 2021","Unit","Pieces"
"Volume of production in 2021","PICT","New Caledonia"
"Volume of production in 2021","PICT","Pitcairn "
"Volume of production in 2021","PICT","Tokelau"
"Volume of production in 2021","PICT","Wallis & Futuna"
"Volume of production in 2021","PICT","Northern Mariana Islands"
"Volume of production in 2021","PICT","Cook Islands"
"Volume of production in 2021","PICT","FSM"
"Volume of production in 2021","PICT","Fiji"
"Volume of production in 2021","PICT","Kiribati"
"Volume of production in 2021","PICT","Marshall Islands"
"Volume of production in 2021","PICT","Nauru"
"Volume of production in 2021","PICT","Niue"
"Volume of production in 2021","PICT","Palau"
"Volume of production in 2021","PICT","Total"
"Volume of production in 2021","PICT","Samoa"
"Volume of production in 2021","PICT","Solomon Islands"
"Volume of production in 2021","PICT","Tonga"
"Volume of production in 2021","PICT","Tuvalu"
"Volume of production in 2021","PICT","Vanuatu"
"Volume of production in 2021","PICT","American Samoa"
"Volume of production in 2021","PICT","French Polynesia"
"Volume of production in 2021","PICT","Guam"
"Volume of production in 2021","PICT","PNG"
