"ID","Member_Country","Measure","Table","Value","Metric","Unit","PICT","Year"
1,"Summary_Tables","Volume of fishery production by PICT","29-7",7000,"Coastal Commercial","Tonnes","Kiribati","2007"
2,"Summary_Tables","Volume of fishery production by PICT","29-7",7600,"Coastal Commercial","Tonnes","Kiribati","2014"
3,"Summary_Tables","Volume of fishery production by PICT","29-7",8000,"Coastal Commercial","Tonnes","Kiribati","2021"
4,"Summary_Tables","Volume of fishery production by PICT","29-7",5700,"Coastal Commercial","Tonnes","PNG","2007"
5,"Summary_Tables","Volume of fishery production by PICT","29-7",6500,"Coastal Commercial","Tonnes","PNG","2014"
6,"Summary_Tables","Volume of fishery production by PICT","29-7",6000,"Coastal Commercial","Tonnes","PNG","2021"
7,"Summary_Tables","Volume of fishery production by PICT","29-7",200,"Coastal Commercial","Tonnes","Nauru","2007"
8,"Summary_Tables","Volume of fishery production by PICT","29-7",163,"Coastal Commercial","Tonnes","Nauru","2014"
9,"Summary_Tables","Volume of fishery production by PICT","29-7",140,"Coastal Commercial","Tonnes","Nauru","2021"
10,"Summary_Tables","Volume of fishery production by PICT","29-7",2800,"Coastal Commercial","Tonnes","FSM","2007"
11,"Summary_Tables","Volume of fishery production by PICT","29-7",1725,"Coastal Commercial","Tonnes","FSM","2014"
12,"Summary_Tables","Volume of fishery production by PICT","29-7",1600,"Coastal Commercial","Tonnes","FSM","2021"
13,"Summary_Tables","Volume of fishery production by PICT","29-7",3250,"Coastal Commercial","Tonnes","Solomon Islands","2007"
14,"Summary_Tables","Volume of fishery production by PICT","29-7",6468,"Coastal Commercial","Tonnes","Solomon Islands","2014"
15,"Summary_Tables","Volume of fishery production by PICT","29-7",5000,"Coastal Commercial","Tonnes","Solomon Islands","2021"
16,"Summary_Tables","Volume of fishery production by PICT","29-7",950,"Coastal Commercial","Tonnes","Marshall Islands","2007"
17,"Summary_Tables","Volume of fishery production by PICT","29-7",1500,"Coastal Commercial","Tonnes","Marshall Islands","2014"
18,"Summary_Tables","Volume of fishery production by PICT","29-7",1200,"Coastal Commercial","Tonnes","Marshall Islands","2021"
19,"Summary_Tables","Volume of fishery production by PICT","29-7",226,"Coastal Commercial","Tonnes","Tuvalu","2007"
20,"Summary_Tables","Volume of fishery production by PICT","29-7",300,"Coastal Commercial","Tonnes","Tuvalu","2014"
21,"Summary_Tables","Volume of fishery production by PICT","29-7",350,"Coastal Commercial","Tonnes","Tuvalu","2021"
22,"Summary_Tables","Volume of fishery production by PICT","29-7",9500,"Coastal Commercial","Tonnes","Fiji","2007"
23,"Summary_Tables","Volume of fishery production by PICT","29-7",11000,"Coastal Commercial","Tonnes","Fiji","2014"
24,"Summary_Tables","Volume of fishery production by PICT","29-7",11700,"Coastal Commercial","Tonnes","Fiji","2021"
25,"Summary_Tables","Volume of fishery production by PICT","29-7",0,"Coastal Commercial","Tonnes","Tokelau","2007"
26,"Summary_Tables","Volume of fishery production by PICT","29-7",40,"Coastal Commercial","Tonnes","Tokelau","2014"
27,"Summary_Tables","Volume of fishery production by PICT","29-7",0,"Coastal Commercial","Tonnes","Tokelau","2021"
28,"Summary_Tables","Volume of fishery production by PICT","29-7",133,"Coastal Commercial","Tonnes","Cook Islands","2007"
29,"Summary_Tables","Volume of fishery production by PICT","29-7",150,"Coastal Commercial","Tonnes","Cook Islands","2014"
30,"Summary_Tables","Volume of fishery production by PICT","29-7",150,"Coastal Commercial","Tonnes","Cook Islands","2021"
31,"Summary_Tables","Volume of fishery production by PICT","29-7",538,"Coastal Commercial","Tonnes","Vanuatu","2007"
32,"Summary_Tables","Volume of fishery production by PICT","29-7",1106,"Coastal Commercial","Tonnes","Vanuatu","2014"
33,"Summary_Tables","Volume of fishery production by PICT","29-7",1300,"Coastal Commercial","Tonnes","Vanuatu","2021"
34,"Summary_Tables","Volume of fishery production by PICT","29-7",4002,"Coastal Commercial","Tonnes","French Polynesia","2007"
35,"Summary_Tables","Volume of fishery production by PICT","29-7",5666,"Coastal Commercial","Tonnes","French Polynesia","2014"
36,"Summary_Tables","Volume of fishery production by PICT","29-7",3565,"Coastal Commercial","Tonnes","French Polynesia","2021"
37,"Summary_Tables","Volume of fishery production by PICT","29-7",4129,"Coastal Commercial","Tonnes","Samoa","2007"
38,"Summary_Tables","Volume of fishery production by PICT","29-7",5000,"Coastal Commercial","Tonnes","Samoa","2014"
39,"Summary_Tables","Volume of fishery production by PICT","29-7",5500,"Coastal Commercial","Tonnes","Samoa","2021"
40,"Summary_Tables","Volume of fishery production by PICT","29-7",3700,"Coastal Commercial","Tonnes","Tonga","2007"
41,"Summary_Tables","Volume of fishery production by PICT","29-7",3900,"Coastal Commercial","Tonnes","Tonga","2014"
42,"Summary_Tables","Volume of fishery production by PICT","29-7",3500,"Coastal Commercial","Tonnes","Tonga","2021"
43,"Summary_Tables","Volume of fishery production by PICT","29-7",865,"Coastal Commercial","Tonnes","Palau","2007"
44,"Summary_Tables","Volume of fishery production by PICT","29-7",865,"Coastal Commercial","Tonnes","Palau","2014"
45,"Summary_Tables","Volume of fishery production by PICT","29-7",1000,"Coastal Commercial","Tonnes","Palau","2021"
46,"Summary_Tables","Volume of fishery production by PICT","29-7",1350,"Coastal Commercial","Tonnes","New","2007"
47,"Summary_Tables","Volume of fishery production by PICT","29-7",1350,"Coastal Commercial","Tonnes","Caledonia","2014"
48,"Summary_Tables","Volume of fishery production by PICT","29-7",680,"Coastal Commercial","Tonnes","Caledonia","2021"
49,"Summary_Tables","Volume of fishery production by PICT","29-7",35,"Coastal Commercial","Tonnes","American Samoa","2007"
50,"Summary_Tables","Volume of fishery production by PICT","29-7",42,"Coastal Commercial","Tonnes","American Samoa","2014"
51,"Summary_Tables","Volume of fishery production by PICT","29-7",15,"Coastal Commercial","Tonnes","American Samoa","2021"
52,"Summary_Tables","Volume of fishery production by PICT","29-7",121,"Coastal Commercial","Tonnes","Wallis and Futuna","2007"
53,"Summary_Tables","Volume of fishery production by PICT","29-7",150,"Coastal Commercial","Tonnes","Wallis and Futuna","2014"
54,"Summary_Tables","Volume of fishery production by PICT","29-7",42,"Coastal Commercial","Tonnes","Wallis and Futuna","2021"
55,"Summary_Tables","Volume of fishery production by PICT","29-7",10,"Coastal Commercial","Tonnes","Niue","2007"
56,"Summary_Tables","Volume of fishery production by PICT","29-7",11,"Coastal Commercial","Tonnes","Niue","2014"
57,"Summary_Tables","Volume of fishery production by PICT","29-7",9,"Coastal Commercial","Tonnes","Niue","2021"
58,"Summary_Tables","Volume of fishery production by PICT","29-7",142,"Coastal Commercial","Tonnes","Northern Mariana Is.","2007"
59,"Summary_Tables","Volume of fishery production by PICT","29-7",231,"Coastal Commercial","Tonnes","Northern Mariana Is.","2014"
60,"Summary_Tables","Volume of fishery production by PICT","29-7",183,"Coastal Commercial","Tonnes","Northern Mariana Is.","2021"
61,"Summary_Tables","Volume of fishery production by PICT","29-7",44,"Coastal Commercial","Tonnes","Guam","2007"
62,"Summary_Tables","Volume of fishery production by PICT","29-7",72,"Coastal Commercial","Tonnes","Guam","2014"
63,"Summary_Tables","Volume of fishery production by PICT","29-7",26,"Coastal Commercial","Tonnes","Guam","2021"
64,"Summary_Tables","Volume of fishery production by PICT","29-7",5,"Coastal Commercial","Tonnes","Pitcairn","2007"
65,"Summary_Tables","Volume of fishery production by PICT","29-7",3,"Coastal Commercial","Tonnes","Pitcairn","2014"
66,"Summary_Tables","Volume of fishery production by PICT","29-7",3,"Coastal Commercial","Tonnes","Pitcairn","2021"
67,"Summary_Tables","Volume of fishery production by PICT","29-7",13700,"Coastal Subsistance","Tonnes","Kiribati","2007"
68,"Summary_Tables","Volume of fishery production by PICT","29-7",11400,"Coastal Subsistance","Tonnes","Kiribati","2014"
69,"Summary_Tables","Volume of fishery production by PICT","29-7",11000,"Coastal Subsistance","Tonnes","Kiribati","2021"
70,"Summary_Tables","Volume of fishery production by PICT","29-7",30000,"Coastal Subsistance","Tonnes","PNG","2007"
71,"Summary_Tables","Volume of fishery production by PICT","29-7",35000,"Coastal Subsistance","Tonnes","PNG","2014"
72,"Summary_Tables","Volume of fishery production by PICT","29-7",40000,"Coastal Subsistance","Tonnes","PNG","2021"
73,"Summary_Tables","Volume of fishery production by PICT","29-7",450,"Coastal Subsistance","Tonnes","Nauru","2007"
74,"Summary_Tables","Volume of fishery production by PICT","29-7",210,"Coastal Subsistance","Tonnes","Nauru","2014"
75,"Summary_Tables","Volume of fishery production by PICT","29-7",100,"Coastal Subsistance","Tonnes","Nauru","2021"
76,"Summary_Tables","Volume of fishery production by PICT","29-7",9800,"Coastal Subsistance","Tonnes","FSM","2007"
77,"Summary_Tables","Volume of fishery production by PICT","29-7",3555,"Coastal Subsistance","Tonnes","FSM","2014"
78,"Summary_Tables","Volume of fishery production by PICT","29-7",3400,"Coastal Subsistance","Tonnes","FSM","2021"
79,"Summary_Tables","Volume of fishery production by PICT","29-7",15000,"Coastal Subsistance","Tonnes","Solomon Islands","2007"
80,"Summary_Tables","Volume of fishery production by PICT","29-7",20000,"Coastal Subsistance","Tonnes","Solomon Islands","2014"
81,"Summary_Tables","Volume of fishery production by PICT","29-7",25000,"Coastal Subsistance","Tonnes","Solomon Islands","2021"
82,"Summary_Tables","Volume of fishery production by PICT","29-7",2800,"Coastal Subsistance","Tonnes","Marshall Islands","2007"
83,"Summary_Tables","Volume of fishery production by PICT","29-7",3000,"Coastal Subsistance","Tonnes","Marshall Islands","2014"
84,"Summary_Tables","Volume of fishery production by PICT","29-7",3000,"Coastal Subsistance","Tonnes","Marshall Islands","2021"
85,"Summary_Tables","Volume of fishery production by PICT","29-7",989,"Coastal Subsistance","Tonnes","Tuvalu","2007"
86,"Summary_Tables","Volume of fishery production by PICT","29-7",1135,"Coastal Subsistance","Tonnes","Tuvalu","2014"
87,"Summary_Tables","Volume of fishery production by PICT","29-7",1150,"Coastal Subsistance","Tonnes","Tuvalu","2021"
88,"Summary_Tables","Volume of fishery production by PICT","29-7",17400,"Coastal Subsistance","Tonnes","Fiji","2007"
89,"Summary_Tables","Volume of fishery production by PICT","29-7",16000,"Coastal Subsistance","Tonnes","Fiji","2014"
90,"Summary_Tables","Volume of fishery production by PICT","29-7",18400,"Coastal Subsistance","Tonnes","Fiji","2021"
91,"Summary_Tables","Volume of fishery production by PICT","29-7",375,"Coastal Subsistance","Tonnes","Tokelau","2007"
92,"Summary_Tables","Volume of fishery production by PICT","29-7",360,"Coastal Subsistance","Tonnes","Tokelau","2014"
93,"Summary_Tables","Volume of fishery production by PICT","29-7",300,"Coastal Subsistance","Tonnes","Tokelau","2021"
94,"Summary_Tables","Volume of fishery production by PICT","29-7",267,"Coastal Subsistance","Tonnes","Cook Islands","2007"
95,"Summary_Tables","Volume of fishery production by PICT","29-7",276,"Coastal Subsistance","Tonnes","Cook Islands","2014"
96,"Summary_Tables","Volume of fishery production by PICT","29-7",280,"Coastal Subsistance","Tonnes","Cook Islands","2021"
97,"Summary_Tables","Volume of fishery production by PICT","29-7",2830,"Coastal Subsistance","Tonnes","Vanuatu","2007"
98,"Summary_Tables","Volume of fishery production by PICT","29-7",2800,"Coastal Subsistance","Tonnes","Vanuatu","2014"
99,"Summary_Tables","Volume of fishery production by PICT","29-7",3100,"Coastal Subsistance","Tonnes","Vanuatu","2021"
100,"Summary_Tables","Volume of fishery production by PICT","29-7",2880,"Coastal Subsistance","Tonnes","French Polynesia","2007"
101,"Summary_Tables","Volume of fishery production by PICT","29-7",2350,"Coastal Subsistance","Tonnes","French Polynesia","2014"
102,"Summary_Tables","Volume of fishery production by PICT","29-7",2350,"Coastal Subsistance","Tonnes","French Polynesia","2021"
103,"Summary_Tables","Volume of fishery production by PICT","29-7",4495,"Coastal Subsistance","Tonnes","Samoa","2007"
104,"Summary_Tables","Volume of fishery production by PICT","29-7",5000,"Coastal Subsistance","Tonnes","Samoa","2014"
105,"Summary_Tables","Volume of fishery production by PICT","29-7",5500,"Coastal Subsistance","Tonnes","Samoa","2021"
106,"Summary_Tables","Volume of fishery production by PICT","29-7",2800,"Coastal Subsistance","Tonnes","Tonga","2007"
107,"Summary_Tables","Volume of fishery production by PICT","29-7",3000,"Coastal Subsistance","Tonnes","Tonga","2014"
108,"Summary_Tables","Volume of fishery production by PICT","29-7",3500,"Coastal Subsistance","Tonnes","Tonga","2021"
109,"Summary_Tables","Volume of fishery production by PICT","29-7",1250,"Coastal Subsistance","Tonnes","Palau","2007"
110,"Summary_Tables","Volume of fishery production by PICT","29-7",1250,"Coastal Subsistance","Tonnes","Palau","2014"
111,"Summary_Tables","Volume of fishery production by PICT","29-7",1400,"Coastal Subsistance","Tonnes","Palau","2021"
112,"Summary_Tables","Volume of fishery production by PICT","29-7",3500,"Coastal Subsistance","Tonnes","New","2007"
113,"Summary_Tables","Volume of fishery production by PICT","29-7",3500,"Coastal Subsistance","Tonnes","Caledonia","2014"
114,"Summary_Tables","Volume of fishery production by PICT","29-7",4760,"Coastal Subsistance","Tonnes","Caledonia","2021"
115,"Summary_Tables","Volume of fishery production by PICT","29-7",120,"Coastal Subsistance","Tonnes","American Samoa","2007"
116,"Summary_Tables","Volume of fishery production by PICT","29-7",120,"Coastal Subsistance","Tonnes","American Samoa","2014"
117,"Summary_Tables","Volume of fishery production by PICT","29-7",100,"Coastal Subsistance","Tonnes","American Samoa","2021"
118,"Summary_Tables","Volume of fishery production by PICT","29-7",840,"Coastal Subsistance","Tonnes","Wallis and Futuna","2007"
119,"Summary_Tables","Volume of fishery production by PICT","29-7",675,"Coastal Subsistance","Tonnes","Wallis and Futuna","2014"
120,"Summary_Tables","Volume of fishery production by PICT","29-7",221,"Coastal Subsistance","Tonnes","Wallis and Futuna","2021"
121,"Summary_Tables","Volume of fishery production by PICT","29-7",140,"Coastal Subsistance","Tonnes","Niue","2007"
122,"Summary_Tables","Volume of fishery production by PICT","29-7",154,"Coastal Subsistance","Tonnes","Niue","2014"
123,"Summary_Tables","Volume of fishery production by PICT","29-7",160,"Coastal Subsistance","Tonnes","Niue","2021"
124,"Summary_Tables","Volume of fishery production by PICT","29-7",350,"Coastal Subsistance","Tonnes","Northern Mariana Is.","2007"
125,"Summary_Tables","Volume of fishery production by PICT","29-7",220,"Coastal Subsistance","Tonnes","Northern Mariana Is.","2014"
126,"Summary_Tables","Volume of fishery production by PICT","29-7",204,"Coastal Subsistance","Tonnes","Northern Mariana Is.","2021"
127,"Summary_Tables","Volume of fishery production by PICT","29-7",70,"Coastal Subsistance","Tonnes","Guam","2007"
128,"Summary_Tables","Volume of fishery production by PICT","29-7",42,"Coastal Subsistance","Tonnes","Guam","2014"
129,"Summary_Tables","Volume of fishery production by PICT","29-7",30,"Coastal Subsistance","Tonnes","Guam","2021"
130,"Summary_Tables","Volume of fishery production by PICT","29-7",7,"Coastal Subsistance","Tonnes","Pitcairn","2007"
131,"Summary_Tables","Volume of fishery production by PICT","29-7",6,"Coastal Subsistance","Tonnes","Pitcairn","2014"
132,"Summary_Tables","Volume of fishery production by PICT","29-7",6,"Coastal Subsistance","Tonnes","Pitcairn","2021"
133,"Summary_Tables","Volume of fishery production by PICT","29-7",0,"Offshore Locally Based","Tonnes","Kiribati","2007"
134,"Summary_Tables","Volume of fishery production by PICT","29-7",510,"Offshore Locally Based","Tonnes","Kiribati","2014"
135,"Summary_Tables","Volume of fishery production by PICT","29-7",2686,"Offshore Locally Based","Tonnes","Kiribati","2021"
136,"Summary_Tables","Volume of fishery production by PICT","29-7",256397,"Offshore Locally Based","Tonnes","PNG","2007"
137,"Summary_Tables","Volume of fishery production by PICT","29-7",216896,"Offshore Locally Based","Tonnes","PNG","2014"
138,"Summary_Tables","Volume of fishery production by PICT","29-7",170755,"Offshore Locally Based","Tonnes","PNG","2021"
139,"Summary_Tables","Volume of fishery production by PICT","29-7",0,"Offshore Locally Based","Tonnes","Nauru","2007"
140,"Summary_Tables","Volume of fishery production by PICT","29-7",0,"Offshore Locally Based","Tonnes","Nauru","2014"
141,"Summary_Tables","Volume of fishery production by PICT","29-7",111821,"Offshore Locally Based","Tonnes","Nauru","2021"
142,"Summary_Tables","Volume of fishery production by PICT","29-7",16222,"Offshore Locally Based","Tonnes","FSM","2007"
143,"Summary_Tables","Volume of fishery production by PICT","29-7",40838,"Offshore Locally Based","Tonnes","FSM","2014"
144,"Summary_Tables","Volume of fishery production by PICT","29-7",153578,"Offshore Locally Based","Tonnes","FSM","2021"
145,"Summary_Tables","Volume of fishery production by PICT","29-7",23619,"Offshore Locally Based","Tonnes","Solomon Islands","2007"
146,"Summary_Tables","Volume of fishery production by PICT","29-7",41523,"Offshore Locally Based","Tonnes","Solomon Islands","2014"
147,"Summary_Tables","Volume of fishery production by PICT","29-7",50597,"Offshore Locally Based","Tonnes","Solomon Islands","2021"
148,"Summary_Tables","Volume of fishery production by PICT","29-7",63569,"Offshore Locally Based","Tonnes","Marshall Islands","2007"
149,"Summary_Tables","Volume of fishery production by PICT","29-7",85918,"Offshore Locally Based","Tonnes","Marshall Islands","2014"
150,"Summary_Tables","Volume of fishery production by PICT","29-7",91167,"Offshore Locally Based","Tonnes","Marshall Islands","2021"
151,"Summary_Tables","Volume of fishery production by PICT","29-7",0,"Offshore Locally Based","Tonnes","Tuvalu","2007"
152,"Summary_Tables","Volume of fishery production by PICT","29-7",0,"Offshore Locally Based","Tonnes","Tuvalu","2014"
153,"Summary_Tables","Volume of fishery production by PICT","29-7",0,"Offshore Locally Based","Tonnes","Tuvalu","2021"
154,"Summary_Tables","Volume of fishery production by PICT","29-7",13744,"Offshore Locally Based","Tonnes","Fiji","2007"
155,"Summary_Tables","Volume of fishery production by PICT","29-7",17079,"Offshore Locally Based","Tonnes","Fiji","2014"
156,"Summary_Tables","Volume of fishery production by PICT","29-7",10828,"Offshore Locally Based","Tonnes","Fiji","2021"
157,"Summary_Tables","Volume of fishery production by PICT","29-7",0,"Offshore Locally Based","Tonnes","Tokelau","2007"
158,"Summary_Tables","Volume of fishery production by PICT","29-7",0,"Offshore Locally Based","Tonnes","Tokelau","2014"
159,"Summary_Tables","Volume of fishery production by PICT","29-7",0,"Offshore Locally Based","Tonnes","Tokelau","2021"
160,"Summary_Tables","Volume of fishery production by PICT","29-7",3939,"Offshore Locally Based","Tonnes","Cook Islands","2007"
161,"Summary_Tables","Volume of fishery production by PICT","29-7",194,"Offshore Locally Based","Tonnes","Cook Islands","2014"
162,"Summary_Tables","Volume of fishery production by PICT","29-7",100,"Offshore Locally Based","Tonnes","Cook Islands","2021"
163,"Summary_Tables","Volume of fishery production by PICT","29-7",0,"Offshore Locally Based","Tonnes","Vanuatu","2007"
164,"Summary_Tables","Volume of fishery production by PICT","29-7",568,"Offshore Locally Based","Tonnes","Vanuatu","2014"
165,"Summary_Tables","Volume of fishery production by PICT","29-7",1000,"Offshore Locally Based","Tonnes","Vanuatu","2021"
166,"Summary_Tables","Volume of fishery production by PICT","29-7",6308,"Offshore Locally Based","Tonnes","French Polynesia","2007"
167,"Summary_Tables","Volume of fishery production by PICT","29-7",5390,"Offshore Locally Based","Tonnes","French Polynesia","2014"
168,"Summary_Tables","Volume of fishery production by PICT","29-7",6405,"Offshore Locally Based","Tonnes","French Polynesia","2021"
169,"Summary_Tables","Volume of fishery production by PICT","29-7",3755,"Offshore Locally Based","Tonnes","Samoa","2007"
170,"Summary_Tables","Volume of fishery production by PICT","29-7",1254,"Offshore Locally Based","Tonnes","Samoa","2014"
171,"Summary_Tables","Volume of fishery production by PICT","29-7",1001,"Offshore Locally Based","Tonnes","Samoa","2021"
172,"Summary_Tables","Volume of fishery production by PICT","29-7",1119,"Offshore Locally Based","Tonnes","Tonga","2007"
173,"Summary_Tables","Volume of fishery production by PICT","29-7",1363,"Offshore Locally Based","Tonnes","Tonga","2014"
174,"Summary_Tables","Volume of fishery production by PICT","29-7",290,"Offshore Locally Based","Tonnes","Tonga","2021"
175,"Summary_Tables","Volume of fishery production by PICT","29-7",3030,"Offshore Locally Based","Tonnes","Palau","2007"
176,"Summary_Tables","Volume of fishery production by PICT","29-7",3987,"Offshore Locally Based","Tonnes","Palau","2014"
177,"Summary_Tables","Volume of fishery production by PICT","29-7",41,"Offshore Locally Based","Tonnes","Palau","2021"
178,"Summary_Tables","Volume of fishery production by PICT","29-7",2122,"Offshore Locally Based","Tonnes","New","2007"
179,"Summary_Tables","Volume of fishery production by PICT","29-7",2876,"Offshore Locally Based","Tonnes","Caledonia","2014"
180,"Summary_Tables","Volume of fishery production by PICT","29-7",2625,"Offshore Locally Based","Tonnes","Caledonia","2021"
181,"Summary_Tables","Volume of fishery production by PICT","29-7",6632,"Offshore Locally Based","Tonnes","American Samoa","2007"
182,"Summary_Tables","Volume of fishery production by PICT","29-7",2154,"Offshore Locally Based","Tonnes","American Samoa","2014"
183,"Summary_Tables","Volume of fishery production by PICT","29-7",994,"Offshore Locally Based","Tonnes","American Samoa","2021"
184,"Summary_Tables","Volume of fishery production by PICT","29-7",0,"Offshore Locally Based","Tonnes","Wallis and Futuna","2007"
185,"Summary_Tables","Volume of fishery production by PICT","29-7",0,"Offshore Locally Based","Tonnes","Wallis and Futuna","2014"
186,"Summary_Tables","Volume of fishery production by PICT","29-7",0,"Offshore Locally Based","Tonnes","Wallis and Futuna","2021"
187,"Summary_Tables","Volume of fishery production by PICT","29-7",640,"Offshore Locally Based","Tonnes","Niue","2007"
188,"Summary_Tables","Volume of fishery production by PICT","29-7",0,"Offshore Locally Based","Tonnes","Niue","2014"
189,"Summary_Tables","Volume of fishery production by PICT","29-7",0,"Offshore Locally Based","Tonnes","Niue","2021"
190,"Summary_Tables","Volume of fishery production by PICT","29-7",0,"Offshore Locally Based","Tonnes","Northern Mariana Is.","2007"
191,"Summary_Tables","Volume of fishery production by PICT","29-7",0,"Offshore Locally Based","Tonnes","Northern Mariana Is.","2014"
192,"Summary_Tables","Volume of fishery production by PICT","29-7",0,"Offshore Locally Based","Tonnes","Northern Mariana Is.","2021"
193,"Summary_Tables","Volume of fishery production by PICT","29-7",0,"Offshore Locally Based","Tonnes","Guam","2007"
194,"Summary_Tables","Volume of fishery production by PICT","29-7",0,"Offshore Locally Based","Tonnes","Guam","2014"
195,"Summary_Tables","Volume of fishery production by PICT","29-7",0,"Offshore Locally Based","Tonnes","Guam","2021"
196,"Summary_Tables","Volume of fishery production by PICT","29-7",0,"Offshore Locally Based","Tonnes","Pitcairn","2007"
197,"Summary_Tables","Volume of fishery production by PICT","29-7",0,"Offshore Locally Based","Tonnes","Pitcairn","2014"
198,"Summary_Tables","Volume of fishery production by PICT","29-7",0,"Offshore Locally Based","Tonnes","Pitcairn","2021"
199,"Summary_Tables","Volume of fishery production by PICT","29-7",163215,"Offshore Foreign Based","Tonnes","Kiribati","2007"
200,"Summary_Tables","Volume of fishery production by PICT","29-7",701067,"Offshore Foreign Based","Tonnes","Kiribati","2014"
201,"Summary_Tables","Volume of fishery production by PICT","29-7",349345,"Offshore Foreign Based","Tonnes","Kiribati","2021"
202,"Summary_Tables","Volume of fishery production by PICT","29-7",327471,"Offshore Foreign Based","Tonnes","PNG","2007"
203,"Summary_Tables","Volume of fishery production by PICT","29-7",217871,"Offshore Foreign Based","Tonnes","PNG","2014"
204,"Summary_Tables","Volume of fishery production by PICT","29-7",161133,"Offshore Foreign Based","Tonnes","PNG","2021"
205,"Summary_Tables","Volume of fishery production by PICT","29-7",69236,"Offshore Foreign Based","Tonnes","Nauru","2007"
206,"Summary_Tables","Volume of fishery production by PICT","29-7",177315,"Offshore Foreign Based","Tonnes","Nauru","2014"
207,"Summary_Tables","Volume of fishery production by PICT","29-7",136893,"Offshore Foreign Based","Tonnes","Nauru","2021"
208,"Summary_Tables","Volume of fishery production by PICT","29-7",143315,"Offshore Foreign Based","Tonnes","FSM","2007"
209,"Summary_Tables","Volume of fishery production by PICT","29-7",124481,"Offshore Foreign Based","Tonnes","FSM","2014"
210,"Summary_Tables","Volume of fishery production by PICT","29-7",92899,"Offshore Foreign Based","Tonnes","FSM","2021"
211,"Summary_Tables","Volume of fishery production by PICT","29-7",98023,"Offshore Foreign Based","Tonnes","Solomon Islands","2007"
212,"Summary_Tables","Volume of fishery production by PICT","29-7",36573,"Offshore Foreign Based","Tonnes","Solomon Islands","2014"
213,"Summary_Tables","Volume of fishery production by PICT","29-7",62234,"Offshore Foreign Based","Tonnes","Solomon Islands","2021"
214,"Summary_Tables","Volume of fishery production by PICT","29-7",12727,"Offshore Foreign Based","Tonnes","Marshall Islands","2007"
215,"Summary_Tables","Volume of fishery production by PICT","29-7",29754,"Offshore Foreign Based","Tonnes","Marshall Islands","2014"
216,"Summary_Tables","Volume of fishery production by PICT","29-7",42514,"Offshore Foreign Based","Tonnes","Marshall Islands","2021"
217,"Summary_Tables","Volume of fishery production by PICT","29-7",35541,"Offshore Foreign Based","Tonnes","Tuvalu","2007"
218,"Summary_Tables","Volume of fishery production by PICT","29-7",96898,"Offshore Foreign Based","Tonnes","Tuvalu","2014"
219,"Summary_Tables","Volume of fishery production by PICT","29-7",71817,"Offshore Foreign Based","Tonnes","Tuvalu","2021"
220,"Summary_Tables","Volume of fishery production by PICT","29-7",492,"Offshore Foreign Based","Tonnes","Fiji","2007"
221,"Summary_Tables","Volume of fishery production by PICT","29-7",0,"Offshore Foreign Based","Tonnes","Fiji","2014"
222,"Summary_Tables","Volume of fishery production by PICT","29-7",0,"Offshore Foreign Based","Tonnes","Fiji","2021"
223,"Summary_Tables","Volume of fishery production by PICT","29-7",318,"Offshore Foreign Based","Tonnes","Tokelau","2007"
224,"Summary_Tables","Volume of fishery production by PICT","29-7",24286,"Offshore Foreign Based","Tonnes","Tokelau","2014"
225,"Summary_Tables","Volume of fishery production by PICT","29-7",5548,"Offshore Foreign Based","Tonnes","Tokelau","2021"
226,"Summary_Tables","Volume of fishery production by PICT","29-7",0,"Offshore Foreign Based","Tonnes","Cook Islands","2007"
227,"Summary_Tables","Volume of fishery production by PICT","29-7",20342,"Offshore Foreign Based","Tonnes","Cook Islands","2014"
228,"Summary_Tables","Volume of fishery production by PICT","29-7",4621,"Offshore Foreign Based","Tonnes","Cook Islands","2021"
229,"Summary_Tables","Volume of fishery production by PICT","29-7",12858,"Offshore Foreign Based","Tonnes","Vanuatu","2007"
230,"Summary_Tables","Volume of fishery production by PICT","29-7",10942,"Offshore Foreign Based","Tonnes","Vanuatu","2014"
231,"Summary_Tables","Volume of fishery production by PICT","29-7",2320,"Offshore Foreign Based","Tonnes","Vanuatu","2021"
232,"Summary_Tables","Volume of fishery production by PICT","29-7",0,"Offshore Foreign Based","Tonnes","French Polynesia","2007"
233,"Summary_Tables","Volume of fishery production by PICT","29-7",0,"Offshore Foreign Based","Tonnes","French Polynesia","2014"
234,"Summary_Tables","Volume of fishery production by PICT","29-7",0,"Offshore Foreign Based","Tonnes","French Polynesia","2021"
235,"Summary_Tables","Volume of fishery production by PICT","29-7",25,"Offshore Foreign Based","Tonnes","Samoa","2007"
236,"Summary_Tables","Volume of fishery production by PICT","29-7",0,"Offshore Foreign Based","Tonnes","Samoa","2014"
237,"Summary_Tables","Volume of fishery production by PICT","29-7",0,"Offshore Foreign Based","Tonnes","Samoa","2021"
238,"Summary_Tables","Volume of fishery production by PICT","29-7",0,"Offshore Foreign Based","Tonnes","Tonga","2007"
239,"Summary_Tables","Volume of fishery production by PICT","29-7",1891,"Offshore Foreign Based","Tonnes","Tonga","2014"
240,"Summary_Tables","Volume of fishery production by PICT","29-7",1759,"Offshore Foreign Based","Tonnes","Tonga","2021"
241,"Summary_Tables","Volume of fishery production by PICT","29-7",1464,"Offshore Foreign Based","Tonnes","Palau","2007"
242,"Summary_Tables","Volume of fishery production by PICT","29-7",4017,"Offshore Foreign Based","Tonnes","Palau","2014"
243,"Summary_Tables","Volume of fishery production by PICT","29-7",1315,"Offshore Foreign Based","Tonnes","Palau","2021"
244,"Summary_Tables","Volume of fishery production by PICT","29-7",0,"Offshore Foreign Based","Tonnes","New","2007"
245,"Summary_Tables","Volume of fishery production by PICT","29-7",0,"Offshore Foreign Based","Tonnes","Caledonia","2014"
246,"Summary_Tables","Volume of fishery production by PICT","29-7",0,"Offshore Foreign Based","Tonnes","Caledonia","2021"
247,"Summary_Tables","Volume of fishery production by PICT","29-7",0,"Offshore Foreign Based","Tonnes","American Samoa","2007"
248,"Summary_Tables","Volume of fishery production by PICT","29-7",0,"Offshore Foreign Based","Tonnes","American Samoa","2014"
249,"Summary_Tables","Volume of fishery production by PICT","29-7",0,"Offshore Foreign Based","Tonnes","American Samoa","2021"
250,"Summary_Tables","Volume of fishery production by PICT","29-7",0,"Offshore Foreign Based","Tonnes","Wallis and Futuna","2007"
251,"Summary_Tables","Volume of fishery production by PICT","29-7",0,"Offshore Foreign Based","Tonnes","Wallis and Futuna","2014"
252,"Summary_Tables","Volume of fishery production by PICT","29-7",0,"Offshore Foreign Based","Tonnes","Wallis and Futuna","2021"
253,"Summary_Tables","Volume of fishery production by PICT","29-7",0,"Offshore Foreign Based","Tonnes","Niue","2007"
254,"Summary_Tables","Volume of fishery production by PICT","29-7",547,"Offshore Foreign Based","Tonnes","Niue","2014"
255,"Summary_Tables","Volume of fishery production by PICT","29-7",0,"Offshore Foreign Based","Tonnes","Niue","2021"
256,"Summary_Tables","Volume of fishery production by PICT","29-7",0,"Offshore Foreign Based","Tonnes","Northern Mariana Is.","2007"
257,"Summary_Tables","Volume of fishery production by PICT","29-7",0,"Offshore Foreign Based","Tonnes","Northern Mariana Is.","2014"
258,"Summary_Tables","Volume of fishery production by PICT","29-7",0,"Offshore Foreign Based","Tonnes","Northern Mariana Is.","2021"
259,"Summary_Tables","Volume of fishery production by PICT","29-7",0,"Offshore Foreign Based","Tonnes","Guam","2007"
260,"Summary_Tables","Volume of fishery production by PICT","29-7",0,"Offshore Foreign Based","Tonnes","Guam","2014"
261,"Summary_Tables","Volume of fishery production by PICT","29-7",0,"Offshore Foreign Based","Tonnes","Guam","2021"
262,"Summary_Tables","Volume of fishery production by PICT","29-7",0,"Offshore Foreign Based","Tonnes","Pitcairn","2007"
263,"Summary_Tables","Volume of fishery production by PICT","29-7",0,"Offshore Foreign Based","Tonnes","Pitcairn","2014"
264,"Summary_Tables","Volume of fishery production by PICT","29-7",0,"Offshore Foreign Based","Tonnes","Pitcairn","2021"
265,"Summary_Tables","Volume of fishery production by PICT","29-7",0,"Freshwater","Tonnes","Kiribati","2007"
266,"Summary_Tables","Volume of fishery production by PICT","29-7",0,"Freshwater","Tonnes","Kiribati","2014"
267,"Summary_Tables","Volume of fishery production by PICT","29-7",0,"Freshwater","Tonnes","Kiribati","2021"
268,"Summary_Tables","Volume of fishery production by PICT","29-7",17500,"Freshwater","Tonnes","PNG","2007"
269,"Summary_Tables","Volume of fishery production by PICT","29-7",20000,"Freshwater","Tonnes","PNG","2014"
270,"Summary_Tables","Volume of fishery production by PICT","29-7",23000,"Freshwater","Tonnes","PNG","2021"
271,"Summary_Tables","Volume of fishery production by PICT","29-7",0,"Freshwater","Tonnes","Nauru","2007"
272,"Summary_Tables","Volume of fishery production by PICT","29-7",0,"Freshwater","Tonnes","Nauru","2014"
273,"Summary_Tables","Volume of fishery production by PICT","29-7",0,"Freshwater","Tonnes","Nauru","2021"
274,"Summary_Tables","Volume of fishery production by PICT","29-7",1,"Freshwater","Tonnes","FSM","2007"
275,"Summary_Tables","Volume of fishery production by PICT","29-7",1,"Freshwater","Tonnes","FSM","2014"
276,"Summary_Tables","Volume of fishery production by PICT","29-7",1,"Freshwater","Tonnes","FSM","2021"
277,"Summary_Tables","Volume of fishery production by PICT","29-7",2000,"Freshwater","Tonnes","Solomon Islands","2007"
278,"Summary_Tables","Volume of fishery production by PICT","29-7",2300,"Freshwater","Tonnes","Solomon Islands","2014"
279,"Summary_Tables","Volume of fishery production by PICT","29-7",2500,"Freshwater","Tonnes","Solomon Islands","2021"
280,"Summary_Tables","Volume of fishery production by PICT","29-7",0,"Freshwater","Tonnes","Marshall Islands","2007"
281,"Summary_Tables","Volume of fishery production by PICT","29-7",0,"Freshwater","Tonnes","Marshall Islands","2014"
282,"Summary_Tables","Volume of fishery production by PICT","29-7",0,"Freshwater","Tonnes","Marshall Islands","2021"
283,"Summary_Tables","Volume of fishery production by PICT","29-7",0,"Freshwater","Tonnes","Tuvalu","2007"
284,"Summary_Tables","Volume of fishery production by PICT","29-7",2,"Freshwater","Tonnes","Tuvalu","2014"
285,"Summary_Tables","Volume of fishery production by PICT","29-7",2,"Freshwater","Tonnes","Tuvalu","2021"
286,"Summary_Tables","Volume of fishery production by PICT","29-7",4146,"Freshwater","Tonnes","Fiji","2007"
287,"Summary_Tables","Volume of fishery production by PICT","29-7",3731,"Freshwater","Tonnes","Fiji","2014"
288,"Summary_Tables","Volume of fishery production by PICT","29-7",4000,"Freshwater","Tonnes","Fiji","2021"
289,"Summary_Tables","Volume of fishery production by PICT","29-7",0,"Freshwater","Tonnes","Tokelau","2007"
290,"Summary_Tables","Volume of fishery production by PICT","29-7",0,"Freshwater","Tonnes","Tokelau","2014"
291,"Summary_Tables","Volume of fishery production by PICT","29-7",0,"Freshwater","Tonnes","Tokelau","2021"
292,"Summary_Tables","Volume of fishery production by PICT","29-7",5,"Freshwater","Tonnes","Cook Islands","2007"
293,"Summary_Tables","Volume of fishery production by PICT","29-7",5,"Freshwater","Tonnes","Cook Islands","2014"
294,"Summary_Tables","Volume of fishery production by PICT","29-7",5,"Freshwater","Tonnes","Cook Islands","2021"
295,"Summary_Tables","Volume of fishery production by PICT","29-7",80,"Freshwater","Tonnes","Vanuatu","2007"
296,"Summary_Tables","Volume of fishery production by PICT","29-7",80,"Freshwater","Tonnes","Vanuatu","2014"
297,"Summary_Tables","Volume of fishery production by PICT","29-7",88,"Freshwater","Tonnes","Vanuatu","2021"
298,"Summary_Tables","Volume of fishery production by PICT","29-7",100,"Freshwater","Tonnes","French Polynesia","2007"
299,"Summary_Tables","Volume of fishery production by PICT","29-7",100,"Freshwater","Tonnes","French Polynesia","2014"
300,"Summary_Tables","Volume of fishery production by PICT","29-7",100,"Freshwater","Tonnes","French Polynesia","2021"
301,"Summary_Tables","Volume of fishery production by PICT","29-7",10,"Freshwater","Tonnes","Samoa","2007"
302,"Summary_Tables","Volume of fishery production by PICT","29-7",10,"Freshwater","Tonnes","Samoa","2014"
303,"Summary_Tables","Volume of fishery production by PICT","29-7",10,"Freshwater","Tonnes","Samoa","2021"
304,"Summary_Tables","Volume of fishery production by PICT","29-7",1,"Freshwater","Tonnes","Tonga","2007"
305,"Summary_Tables","Volume of fishery production by PICT","29-7",1,"Freshwater","Tonnes","Tonga","2014"
306,"Summary_Tables","Volume of fishery production by PICT","29-7",1,"Freshwater","Tonnes","Tonga","2021"
307,"Summary_Tables","Volume of fishery production by PICT","29-7",1,"Freshwater","Tonnes","Palau","2007"
308,"Summary_Tables","Volume of fishery production by PICT","29-7",1,"Freshwater","Tonnes","Palau","2014"
309,"Summary_Tables","Volume of fishery production by PICT","29-7",1,"Freshwater","Tonnes","Palau","2021"
310,"Summary_Tables","Volume of fishery production by PICT","29-7",10,"Freshwater","Tonnes","New","2007"
311,"Summary_Tables","Volume of fishery production by PICT","29-7",10,"Freshwater","Tonnes","Caledonia","2014"
312,"Summary_Tables","Volume of fishery production by PICT","29-7",10,"Freshwater","Tonnes","Caledonia","2021"
313,"Summary_Tables","Volume of fishery production by PICT","29-7",1,"Freshwater","Tonnes","American Samoa","2007"
314,"Summary_Tables","Volume of fishery production by PICT","29-7",1,"Freshwater","Tonnes","American Samoa","2014"
315,"Summary_Tables","Volume of fishery production by PICT","29-7",1,"Freshwater","Tonnes","American Samoa","2021"
316,"Summary_Tables","Volume of fishery production by PICT","29-7",0,"Freshwater","Tonnes","Wallis and Futuna","2007"
317,"Summary_Tables","Volume of fishery production by PICT","29-7",0,"Freshwater","Tonnes","Wallis and Futuna","2014"
318,"Summary_Tables","Volume of fishery production by PICT","29-7",1,"Freshwater","Tonnes","Wallis and Futuna","2021"
319,"Summary_Tables","Volume of fishery production by PICT","29-7",0,"Freshwater","Tonnes","Niue","2007"
320,"Summary_Tables","Volume of fishery production by PICT","29-7",0,"Freshwater","Tonnes","Niue","2014"
321,"Summary_Tables","Volume of fishery production by PICT","29-7",0,"Freshwater","Tonnes","Niue","2021"
322,"Summary_Tables","Volume of fishery production by PICT","29-7",0,"Freshwater","Tonnes","Northern Mariana Is.","2007"
323,"Summary_Tables","Volume of fishery production by PICT","29-7",0,"Freshwater","Tonnes","Northern Mariana Is.","2014"
324,"Summary_Tables","Volume of fishery production by PICT","29-7",0,"Freshwater","Tonnes","Northern Mariana Is.","2021"
325,"Summary_Tables","Volume of fishery production by PICT","29-7",3,"Freshwater","Tonnes","Guam","2007"
326,"Summary_Tables","Volume of fishery production by PICT","29-7",3,"Freshwater","Tonnes","Guam","2014"
327,"Summary_Tables","Volume of fishery production by PICT","29-7",3,"Freshwater","Tonnes","Guam","2021"
328,"Summary_Tables","Volume of fishery production by PICT","29-7",0,"Freshwater","Tonnes","Pitcairn","2007"
329,"Summary_Tables","Volume of fishery production by PICT","29-7",0,"Freshwater","Tonnes","Pitcairn","2014"
330,"Summary_Tables","Volume of fishery production by PICT","29-7",0,"Freshwater","Tonnes","Pitcairn","2021"
